dataset,seed,method,status,fail_reason,base_f1,aug_f1,gain,aug_count,aug_ratio,actual_aug_ratio,source_space,label_mode,backbone,train_split_only,uses_external_library,library_name,budget_matched,selection_rule,best_val_f1,stop_epoch,warning_count,fallback_count,method_elapsed_sec,activation_policy,activation_scope,activation_topk,activation_tau,operator_name,dictionary_estimator,safe_generator,bridge_realizer,transport_error_fro_mean,transport_error_logeuc_mean,bridge_cond_A_mean,metric_preservation_error_mean,safe_radius_ratio_mean,manifold_margin_mean,gamma_requested_mean,gamma_used_mean,gamma_zero_rate,host_geom_cosine_mean,host_conflict_rate,candidate_total_count,aug_total_count,requested_k_dir,effective_k_dir,safe_clip_rate,template_usage_entropy,top_template_concentration,aug_valid_rate,candidate_audit_rows,candidate_audit_available,candidate_accept_rate,candidate_physics_ok,candidate_audit_path,z_displacement_norm_mean,template_response_abs_mean,template_response_top1_mean,template_response_top5_mean,template_response_gap_top1_top5_mean,template_response_entropy_mean,pre_safe_displacement_norm_mean,post_safe_displacement_norm_mean,gamma_used_ratio_mean,gamma_requested_mean_audit,gamma_used_mean_audit,safe_radius_ratio_mean_audit,safe_clip_rate_audit,gamma_zero_rate_audit,manifold_margin_mean_audit,transport_error_logeuc_mean_audit,template_response_top1_mean_audit,template_response_top5_mean_audit,template_response_gap_top1_top5_mean_audit,template_response_entropy_mean_audit,selected_template_response_abs_mean_audit,gamma_used_ratio_mean_audit,pre_safe_displacement_norm_mean_audit,post_safe_displacement_norm_mean_audit,template_usage_entropy_audit,top_template_concentration_audit,selection_stage,selector_name,feasible_rate,selector_accept_rate,pre_filter_reject_count,post_bridge_reject_count,bridge_success_rate,reject_reason_zero_gamma,reject_reason_safe_radius,reject_reason_zero_direction,reject_reason_zero_margin,reject_reason_bridge_fail,reject_reason_transport_error,relevance_score_mean,safe_balance_score_mean,fidelity_score_mean,variety_score_mean,fv_score_mean,feasible_rate_audit,selector_accept_rate_audit,relevance_score_mean_audit,safe_balance_score_mean_audit,fidelity_score_mean_audit,variety_score_mean_audit,fv_score_mean_audit,gamma_used_gt_requested_count,safe_radius_ratio_out_of_bounds_count,direction_bank_source,utilization_mode,core_training_mode,aug_train_ratio,multi_template_pairs,template_selection,zpia_z_dim,zpia_n_train,zpia_n_train_lt_z_dim,zpia_row_norm_min,zpia_row_norm_max,zpia_row_norm_mean,zpia_fallback_row_count,telm2_recon_last,telm2_recon_mean,telm2_recon_std,ag_target_norm_mean_audit,ag_pred_norm_mean_audit,ag_pred_target_cosine_mean_audit,ag_tangent_available_rate_audit,ag_fallback_rate_audit,cs_flow_target_dist_mean_audit,cs_flow_velocity_norm_mean_audit,cs_flow_pred_target_cosine_mean_audit,cs_flow_fallback_rate_audit,latent_target_dist_mean_audit,latent_target_sampling_prob_mean_audit,latent_residual_norm_mean_audit,latent_pred_velocity_norm_mean_audit,latent_pred_target_cosine_mean_audit,latent_fallback_rate_audit,selected_template_entropy,direction_source,operator_source,cs_flow_train_mse_mean,cs_flow_train_cosine_mean,cs_flow_pred_target_cosine_mean,cs_flow_target_dist_mean,cs_flow_target_dist_std,cs_flow_velocity_norm_mean,cs_flow_velocity_norm_std,cs_flow_fallback_rate,cs_flow_target_effective_rank,cs_flow_target_pairwise_cosine_mean,cs_flow_velocity_effective_rank,cs_flow_velocity_pairwise_cosine_mean,unique_direction_ratio,generated_direction_pairwise_cosine_mean,effective_aug_multiplier,cs_flow_hidden_width,cs_flow_class_embedding_dim,cs_flow_hidden_layers,cs_flow_t_gen,cs_flow_k_same,cs_flow_epochs,cs_flow_batch_size,cs_flow_lr,cs_flow_weight_decay,latent_train_cosine_loss_mean,latent_train_mse_mean,latent_train_pred_target_cosine_mean,latent_pred_velocity_norm_mean,latent_pred_velocity_norm_std,latent_target_velocity_norm_mean,latent_target_velocity_norm_std,latent_target_dist_mean,latent_target_dist_std,latent_target_sampling_entropy,latent_target_sampling_entropy_by_class_mean,latent_target_sampling_entropy_by_class_min,latent_fallback_rate,latent_residual_effective_rank,latent_residual_pairwise_cosine_mean,latent_generated_direction_pairwise_cosine_mean,latent_unique_direction_ratio,latent_effective_aug_multiplier,latent_pred_target_cosine_mean,latent_hidden_width,latent_class_embedding_dim,latent_hidden_layers,latent_lambda_cos,latent_flow_epochs,latent_flow_batch_size,latent_flow_lr,latent_flow_weight_decay,latent_rbf_tau_floor,wdba_k,wdba_max_iter,wdba_tau,dba_k,dba_max_iter
natops,1,csta_topk_uniform_top5,success,,0.9373000436629222,0.966476799110864,0.02917675544794185,1440,10.0,10.0,covariance_template,hard,resnet1d,True,False,none,True,uniform_top5_response,0.972027972027972,30,0,0,9.430598934995942,uniform_topk,single_anchor,5,,PIA,TELM2,local_margin_safe_step,whitening_coloring,0.0004486332146048,2.9115049204579395,1.4018361419529,0.5480701959539224,0.0240977847172584,5.82076716417455,0.1,0.1,0.0,0.0,0.0,1440.0,1440.0,10.0,10.0,0.0,2.160811559321453,0.1875,1.0,1440.0,True,1.0,True,/home/THL/project/MTS-PIA/standalone_projects/ACT_ManifoldBridge/results/csta_latent_residual_flow_pilot3/resnet1d_s123/_csta_runs/csta_topk_uniform_top5/natops/s1/candidate_audit/natops_s1_csta_topk_uniform_top5_candidate_audit.csv.gz,0.0999999999718539,2.495324999413,3.457333159936591,2.551039279044512,0.906293880892079,2.1059732168111034,0.0999999999718539,0.1000000014901161,1.0,0.1,0.1,0.0240977847172584,0.0,0.0,5.82076716417455,2.9115049204579395,3.457333159936591,2.551039279044512,0.906293880892079,2.1059732168111034,2.495324999413,1.0,0.0999999999718539,0.1000000014901161,2.160811559321453,0.1875,response_only,topk_uniform_top5,1.0,1.0,0.0,0.0,,0.0,0.0,0.0,0.0,0.0,0.0,,,,,,1.0,1.0,,,,,,0.0,0.0,zpia_top1_pool,core_concat,concat_all,10.0,1.0,topk_uniform_top5,300.0,144.0,True,1.0,1.0,1.0,0.0,0.7413955341463061,0.757840911898841,0.0115851800505578,,,,0.0,0.0,,,,0.0,,,,,,0.0,2.160811559321453,,,,,,,,,,,,,,,,,,,,,,,,,,,,,,,,,,,,,,,,,,,,,,,,,,,,,,,,,,,
natops,1,random_cov_state,success,,0.9373000436629222,0.9498025636352591,0.012502519972336867,1440,10.0,10.0,covariance_state,hard,resnet1d,True,False,none,True,random_unit_z_direction,0.972027972027972,30,0,0,4.69721751997713,,,,,,,,,,2.911407129727777,,,,,,,,,,,,,,,,,,,,,,,,,,,,,,,,,,,,,,,,,,,,,,,,,,,,,,,,,,,,,,,,,,,,,,,,,,,,,,,,,,,,,,,,,,,,,,,,,,,,,,,,,,,,,,,,,,,,,,,,,,,,,,,,,,,,,,,,,,,,,,,,,,,,,,,,,,,,,,,,,,,,,,
natops,1,csta_template_random_within_bank,success,,0.9373000436629222,0.9548052577010072,0.017505214038085026,1440,10.0,10.0,covariance_template,hard,resnet1d,True,False,none,True,csta_bank_random,0.972027972027972,30,0,0,9.25558978493791,random_within_bank,single_anchor,,,PIA,TELM2,local_margin_safe_step,whitening_coloring,0.000449141298835,2.9115067587526373,1.415505156087843,0.5650138193609437,0.02409778473141,5.82076716417455,0.1,0.1,0.0,0.0,0.0,1440.0,1440.0,10.0,10.0,0.0,2.263234759614498,0.1319444444444444,1.0,1440.0,True,1.0,True,/home/THL/project/MTS-PIA/standalone_projects/ACT_ManifoldBridge/results/csta_latent_residual_flow_pilot3/resnet1d_s123/_csta_runs/csta_template_random_within_bank/natops/s1/candidate_audit/natops_s1_csta_template_random_within_bank_candidate_audit.csv.gz,0.100000000024544,1.8728027303853247,3.457333159936591,2.551039279044512,0.906293880892079,2.1059732168111034,0.100000000024544,0.1000000014901161,1.0,0.1,0.1,0.02409778473141,0.0,0.0,5.82076716417455,2.9115067587526373,3.457333159936591,2.551039279044512,0.906293880892079,2.1059732168111034,1.8728027303853247,1.0,0.100000000024544,0.1000000014901161,2.263234759614498,0.1319444444444444,response_only,random,1.0,1.0,0.0,0.0,,0.0,0.0,0.0,0.0,0.0,0.0,,,,,,1.0,1.0,,,,,,0.0,0.0,zpia_top1_pool,core_concat,concat_all,10.0,1.0,random,300.0,144.0,True,1.0,1.0,1.0,0.0,0.7413955341463061,0.757840911898841,0.0115851800505578,,,,0.0,0.0,,,,0.0,,,,,,0.0,2.263234759614498,,,,,,,,,,,,,,,,,,,,,,,,,,,,,,,,,,,,,,,,,,,,,,,,,,,,,,,,,,,
natops,1,cs_flow_single_step,success,,0.9373000436629222,0.972027972027972,0.03472792836504979,1440,10.0,10.0,covariance_state_flow,hard,resnet1d,True,False,none,True,cs_flow_single_step,0.972027972027972,29,0,0,9.50416924606543,cs_flow_single_step,anchor_conditioned_flow,,,CS-Flow,one_step_flow_matching,local_margin_safe_step,whitening_coloring,0.0004437773413412,2.9148502683150523,1.2007815735297656,0.3258104479055888,0.0240977847254931,5.82076716417455,0.1,0.1,0.0,0.0,0.0,1440.0,1440.0,10.0,1.0,0.0,0.0,0.0,1.0,1440.0,True,1.0,True,/home/THL/project/MTS-PIA/standalone_projects/ACT_ManifoldBridge/results/csta_latent_residual_flow_pilot3/resnet1d_s123/_csta_runs/cs_flow_single_step/natops/s1/candidate_audit/natops_s1_cs_flow_single_step_candidate_audit.csv.gz,0.1,,,,,,,,,0.1,0.1,0.0240977847254931,0.0,0.0,5.82076716417455,2.9148502683150523,,,,,,1.0,0.1,0.1000000014901161,,,cs_flow_operator,cs_flow_single_step,1.0,1.0,0.0,0.0,1.0,0.0,0.0,0.0,0.0,0.0,0.0,,,,,,1.0,1.0,,,,,,0.0,0.0,cs_flow_operator,core_concat,concat_all,10.0,,none,,,,,,,,,,,,,,0.0,0.0,5.837814048403322,5.837814048403322,0.4064053336076182,0.0,,,,,,0.0,0.0,cs_flow_operator,cs_flow_single_step,0.0013948907144367,0.7309144139289856,0.4064053336076182,5.837814048403322,0.9782989025008596,5.837814048403322,0.9782989025008596,0.0,67.06051800687989,0.0003789317512198,67.78135137171347,0.0003789317512198,0.0999999999999999,1.0,1.0,600.0,6.0,2.0,0.0,5.0,50.0,128.0,0.001,0.0001,,,,,,,,,,,,,,,,,,,,,,,,,,,,,,,,,
natops,1,latent_residual_direct,success,,0.9373000436629222,0.9665188442638412,0.02921880060091897,1440,10.0,10.0,covariance_state_latent_residual,hard,resnet1d,True,False,none,True,latent_residual_direct_probe,0.972027972027972,28,0,0,8.79026464105118,latent_residual_direct,anchor_conditioned_latent_residual,,,Latent Residual Flow,latent_residual_distribution,local_margin_safe_step,whitening_coloring,0.0004431613182347,2.9226685655027773,1.19344687675339,0.3112326416532248,0.0240977847254931,5.82076716417455,0.1,0.1,0.0,0.0,0.0,1440.0,1440.0,10.0,1.0,0.0,0.0,0.0,1.0,1440.0,True,1.0,True,/home/THL/project/MTS-PIA/standalone_projects/ACT_ManifoldBridge/results/csta_latent_residual_flow_pilot3/resnet1d_s123/_csta_runs/latent_residual_direct/natops/s1/candidate_audit/natops_s1_latent_residual_direct_candidate_audit.csv.gz,0.1,,,,,,,,,0.1,0.1,0.0240977847254931,0.0,0.0,5.82076716417455,2.9226685655027773,,,,,,1.0,0.1,0.1000000014901161,,,latent_residual_flow_operator,latent_residual_direct,1.0,1.0,0.0,0.0,1.0,0.0,0.0,0.0,0.0,0.0,0.0,,,,,,1.0,1.0,,,,,,0.0,0.0,latent_residual_flow_operator,core_concat,concat_all,10.0,,none,,,,,,,,,,,,,,0.0,0.0,,,,0.0,6.609784442487651,0.0458058401425445,6.609784442487651,1.412163045350372,1.0,0.0,0.0,latent_residual_flow_operator,latent_residual_direct,,,,,,,,,,,,,,,,,,,,,,,,,0.0,0.0,1.0,1.410759569168803,0.0436279696787239,1.410759569168803,0.0436279696787239,6.669414662848829,1.128466653067736,3.1087294478206307,3.108729447820631,3.0851878148330187,0.0,56.86612697967802,-0.002891090858482,0.5120092569050813,0.8277777777777778,8.277777777777779,1.0,0.0,0.0,0.0,0.5,50.0,128.0,0.001,0.0001,1e-12,,,,,
natops,1,latent_residual_flow,success,,0.9373000436629222,0.972214504028897,0.034914460365974787,1440,10.0,10.0,covariance_state_latent_residual,hard,resnet1d,True,False,none,True,latent_residual_sampling,0.972027972027972,30,0,0,9.873796669067815,latent_residual_flow,anchor_conditioned_latent_residual,,,Latent Residual Flow,latent_residual_distribution,local_margin_safe_step,whitening_coloring,0.0004474936733715,2.9152704280911648,1.3584585660112607,0.5145602035237146,0.0240977847254931,5.82076716417455,0.1,0.1,0.0,0.0,0.0,1440.0,1440.0,10.0,1.0,0.0,0.0,0.0,1.0,1440.0,True,1.0,True,/home/THL/project/MTS-PIA/standalone_projects/ACT_ManifoldBridge/results/csta_latent_residual_flow_pilot3/resnet1d_s123/_csta_runs/latent_residual_flow/natops/s1/candidate_audit/natops_s1_latent_residual_flow_candidate_audit.csv.gz,0.1,,,,,,,,,0.1,0.1,0.0240977847254931,0.0,0.0,5.82076716417455,2.9152704280911648,,,,,,1.0,0.1,0.1000000014901161,,,latent_residual_flow_operator,latent_residual_flow,1.0,1.0,0.0,0.0,1.0,0.0,0.0,0.0,0.0,0.0,0.0,,,,,,1.0,1.0,,,,,,0.0,0.0,latent_residual_flow_operator,core_concat,concat_all,10.0,,none,,,,,,,,,,,,,,0.0,0.0,,,,0.0,6.609784442487651,0.0458058401425445,6.609784442487651,0.5374353523075595,0.2714316749380734,0.0,0.0,latent_residual_flow_operator,latent_residual_flow,,,,,,,,,,,,,,,,,,,,,,,,,0.0180662609636783,0.002196007175371,0.9819337129592896,0.6273483037948608,0.1190472543239593,1.410759569168803,0.0436279696787239,6.669414662848829,1.128466653067736,3.1087294478206307,3.108729447820631,3.0851878148330187,0.0,56.86612697967802,-0.002891090858482,0.2182035453065093,1.0,10.0,0.2714316749380734,600.0,6.0,2.0,0.5,50.0,128.0,0.001,0.0001,1e-12,,,,,
natops,1,wdba_sameclass,success,,0.9373000436629222,0.9604306383507204,0.02313059468779821,1440,10.0,10.0,dtw_barycenter,hard,resnet1d,True,True,tslearn,True,same_class_weighted_dba_anchor_dtw_softmax,0.972027972027972,29,0,0,13.69496261200402,,,,,,,,,,,,,,,,,,,,,,,,,,,,,,,,,,,,,,,,,,,,,,,,,,,,,,,,,,,,,,,,,,,,,,,,,,,,,,,,,,,,,,,,,,,,,,,,,,,,,,,,,,,,,,,,,,,,,,,,,,,,,,,,,,,,,,,,,,,,,,,,,,,,,,,,,,,,,,,,,,,,,,,,,,,,5.0,5.0,11.578942162904728,,
natops,1,dba_sameclass,success,,0.9373000436629222,0.9555432064462351,0.01824316278331295,1440,10.0,10.0,dtw_barycenter,hard,resnet1d,True,True,tslearn,True,same_class_dba,0.972027972027972,20,0,0,5.349207223043777,,,,,,,,,,,,,,,,,,,,,,,,,,,,,,,,,,,,,,,,,,,,,,,,,,,,,,,,,,,,,,,,,,,,,,,,,,,,,,,,,,,,,,,,,,,,,,,,,,,,,,,,,,,,,,,,,,,,,,,,,,,,,,,,,,,,,,,,,,,,,,,,,,,,,,,,,,,,,,,,,,,,,,,,,,,,,,,5.0,5.0
natops,2,csta_topk_uniform_top5,success,,0.9070392331641024,0.96107248923737,0.05403325607326759,1440,10.0,10.0,covariance_template,hard,resnet1d,True,False,none,True,uniform_top5_response,1.0,14,0,0,7.632460035965778,uniform_topk,single_anchor,5,,PIA,TELM2,local_margin_safe_step,whitening_coloring,0.0004493863662795,2.914843103501098,1.4253124776353003,0.5750430026591705,0.0244874409180124,5.7362806886113855,0.1,0.1,0.0,0.0,0.0,1440.0,1440.0,10.0,10.0,0.0,2.1789852033783856,0.1944444444444444,1.0,1440.0,True,1.0,True,/home/THL/project/MTS-PIA/standalone_projects/ACT_ManifoldBridge/results/csta_latent_residual_flow_pilot3/resnet1d_s123/_csta_runs/csta_topk_uniform_top5/natops/s2/candidate_audit/natops_s2_csta_topk_uniform_top5_candidate_audit.csv.gz,0.1000000000006996,2.437604747019312,3.016857740438076,2.446985785724095,0.5698719547139806,2.1699453887774984,0.1000000000006996,0.1000000014901161,1.0,0.1,0.1,0.0244874409180124,0.0,0.0,5.7362806886113855,2.914843103501098,3.016857740438076,2.446985785724095,0.5698719547139806,2.1699453887774984,2.437604747019312,1.0,0.1000000000006996,0.1000000014901161,2.1789852033783856,0.1944444444444444,response_only,topk_uniform_top5,1.0,1.0,0.0,0.0,,0.0,0.0,0.0,0.0,0.0,0.0,,,,,,1.0,1.0,,,,,,0.0,0.0,zpia_top1_pool,core_concat,concat_all,10.0,1.0,topk_uniform_top5,300.0,144.0,True,1.0,1.0,1.0,0.0,0.753430123513149,0.7592133258157752,0.0107950116523461,,,,0.0,0.0,,,,0.0,,,,,,0.0,2.1789852033783856,,,,,,,,,,,,,,,,,,,,,,,,,,,,,,,,,,,,,,,,,,,,,,,,,,,,,,,,,,,
natops,2,random_cov_state,success,,0.9070392331641024,0.9665552053092653,0.05951597214516291,1440,10.0,10.0,covariance_state,hard,resnet1d,True,False,none,True,random_unit_z_direction,1.0,30,0,0,4.661525608040392,,,,,,,,,,2.914525225864006,,,,,,,,,,,,,,,,,,,,,,,,,,,,,,,,,,,,,,,,,,,,,,,,,,,,,,,,,,,,,,,,,,,,,,,,,,,,,,,,,,,,,,,,,,,,,,,,,,,,,,,,,,,,,,,,,,,,,,,,,,,,,,,,,,,,,,,,,,,,,,,,,,,,,,,,,,,,,,,,,,,,,,
natops,2,csta_template_random_within_bank,success,,0.9070392331641024,0.9313457623486552,0.024306529184552783,1440,10.0,10.0,covariance_template,hard,resnet1d,True,False,none,True,csta_bank_random,1.0,18,0,0,8.157119679031894,random_within_bank,single_anchor,,,PIA,TELM2,local_margin_safe_step,whitening_coloring,0.0004496857909169,2.914845132412277,1.4361231555293157,0.5861202918730596,0.0244874409055776,5.7362806886113855,0.1,0.1,0.0,0.0,0.0,1440.0,1440.0,10.0,10.0,0.0,2.262440025802608,0.1319444444444444,1.0,1440.0,True,1.0,True,/home/THL/project/MTS-PIA/standalone_projects/ACT_ManifoldBridge/results/csta_latent_residual_flow_pilot3/resnet1d_s123/_csta_runs/csta_template_random_within_bank/natops/s2/candidate_audit/natops_s2_csta_template_random_within_bank_candidate_audit.csv.gz,0.0999999999503794,1.723859570791028,3.016857740438076,2.446985785724095,0.5698719547139806,2.1699453887774984,0.0999999999503794,0.1000000014901161,1.0,0.1,0.1,0.0244874409055776,0.0,0.0,5.7362806886113855,2.914845132412277,3.016857740438076,2.446985785724095,0.5698719547139806,2.1699453887774984,1.723859570791028,1.0,0.0999999999503794,0.1000000014901161,2.262440025802608,0.1319444444444444,response_only,random,1.0,1.0,0.0,0.0,,0.0,0.0,0.0,0.0,0.0,0.0,,,,,,1.0,1.0,,,,,,0.0,0.0,zpia_top1_pool,core_concat,concat_all,10.0,1.0,random,300.0,144.0,True,1.0,1.0,1.0,0.0,0.753430123513149,0.7592133258157752,0.0107950116523461,,,,0.0,0.0,,,,0.0,,,,,,0.0,2.262440025802608,,,,,,,,,,,,,,,,,,,,,,,,,,,,,,,,,,,,,,,,,,,,,,,,,,,,,,,,,,,
natops,2,cs_flow_single_step,success,,0.9070392331641024,0.9721354844305664,0.06509625126646401,1440,10.0,10.0,covariance_state_flow,hard,resnet1d,True,False,none,True,cs_flow_single_step,1.0,13,0,0,8.482748255017214,cs_flow_single_step,anchor_conditioned_flow,,,CS-Flow,one_step_flow_matching,local_margin_safe_step,whitening_coloring,0.0004430145937558,2.916070718231966,1.207473304500308,0.3334401125625544,0.0244874409173605,5.7362806886113855,0.1,0.1,0.0,0.0,0.0,1440.0,1440.0,10.0,1.0,0.0,0.0,0.0,1.0,1440.0,True,1.0,True,/home/THL/project/MTS-PIA/standalone_projects/ACT_ManifoldBridge/results/csta_latent_residual_flow_pilot3/resnet1d_s123/_csta_runs/cs_flow_single_step/natops/s2/candidate_audit/natops_s2_cs_flow_single_step_candidate_audit.csv.gz,0.1,,,,,,,,,0.1,0.1,0.0244874409173605,0.0,0.0,5.7362806886113855,2.916070718231966,,,,,,1.0,0.1,0.1000000014901161,,,cs_flow_operator,cs_flow_single_step,1.0,1.0,0.0,0.0,1.0,0.0,0.0,0.0,0.0,0.0,0.0,,,,,,1.0,1.0,,,,,,0.0,0.0,cs_flow_operator,core_concat,concat_all,10.0,,none,,,,,,,,,,,,,,0.0,0.0,5.821141239982048,5.821141239982048,0.4287668039014148,0.0,,,,,,0.0,0.0,cs_flow_operator,cs_flow_single_step,0.0014439312508329,0.7203752994537354,0.4287668039014148,5.821141239982048,1.0570165324331555,5.821141239982048,1.0570165324331555,0.0,66.77773444615664,0.0046892580120575,68.02206298155878,0.0046892580120575,0.0999999999999999,1.0,1.0,600.0,6.0,2.0,0.0,5.0,50.0,128.0,0.001,0.0001,,,,,,,,,,,,,,,,,,,,,,,,,,,,,,,,,
natops,2,latent_residual_direct,success,,0.9070392331641024,0.9665188442638412,0.05947961109973876,1440,10.0,10.0,covariance_state_latent_residual,hard,resnet1d,True,False,none,True,latent_residual_direct_probe,1.0,13,0,0,7.752355679986067,latent_residual_direct,anchor_conditioned_latent_residual,,,Latent Residual Flow,latent_residual_distribution,local_margin_safe_step,whitening_coloring,0.0004432114403875,2.926006109436236,1.1939285741479029,0.3121081275860849,0.0244874409173605,5.7362806886113855,0.1,0.1,0.0,0.0,0.0,1440.0,1440.0,10.0,1.0,0.0,0.0,0.0,1.0,1440.0,True,1.0,True,/home/THL/project/MTS-PIA/standalone_projects/ACT_ManifoldBridge/results/csta_latent_residual_flow_pilot3/resnet1d_s123/_csta_runs/latent_residual_direct/natops/s2/candidate_audit/natops_s2_latent_residual_direct_candidate_audit.csv.gz,0.1,,,,,,,,,0.1,0.1,0.0244874409173605,0.0,0.0,5.7362806886113855,2.926006109436236,,,,,,1.0,0.1,0.100000001479768,,,latent_residual_flow_operator,latent_residual_direct,1.0,1.0,0.0,0.0,1.0,0.0,0.0,0.0,0.0,0.0,0.0,,,,,,1.0,1.0,,,,,,0.0,0.0,latent_residual_flow_operator,core_concat,concat_all,10.0,,none,,,,,,,,,,,,,,0.0,0.0,,,,0.0,6.566658328638237,0.0459779653900467,6.566658328638237,1.4148945852036847,1.0,0.0,0.0,latent_residual_flow_operator,latent_residual_direct,,,,,,,,,,,,,,,,,,,,,,,,,0.0,0.0,1.0,1.414838394057042,0.0370084291970341,1.414838394057042,0.0370084291970341,6.521127394685878,1.1664339564614532,3.108773018453816,3.108773018453816,3.089745050113606,0.0,58.9684853472682,-0.0030120571080603,0.512170283841361,0.8097222222222222,8.097222222222221,1.0,0.0,0.0,0.0,0.5,50.0,128.0,0.001,0.0001,1e-12,,,,,
natops,2,latent_residual_flow,success,,0.9070392331641024,0.9371236768198888,0.03008444365578644,1440,10.0,10.0,covariance_state_latent_residual,hard,resnet1d,True,False,none,True,latent_residual_sampling,0.972027972027972,30,0,0,10.091382025042549,latent_residual_flow,anchor_conditioned_latent_residual,,,Latent Residual Flow,latent_residual_distribution,local_margin_safe_step,whitening_coloring,0.0004475041154819,2.918016570951527,1.3620775896615012,0.5174533938341983,0.0244874409173605,5.7362806886113855,0.1,0.1,0.0,0.0,0.0,1440.0,1440.0,10.0,1.0,0.0,0.0,0.0,1.0,1440.0,True,1.0,True,/home/THL/project/MTS-PIA/standalone_projects/ACT_ManifoldBridge/results/csta_latent_residual_flow_pilot3/resnet1d_s123/_csta_runs/latent_residual_flow/natops/s2/candidate_audit/natops_s2_latent_residual_flow_candidate_audit.csv.gz,0.1,,,,,,,,,0.1,0.1,0.0244874409173605,0.0,0.0,5.7362806886113855,2.918016570951527,,,,,,1.0,0.1,0.1000000014849421,,,latent_residual_flow_operator,latent_residual_flow,1.0,1.0,0.0,0.0,1.0,0.0,0.0,0.0,0.0,0.0,0.0,,,,,,1.0,1.0,,,,,,0.0,0.0,latent_residual_flow_operator,core_concat,concat_all,10.0,,none,,,,,,,,,,,,,,0.0,0.0,,,,0.0,6.566658328638237,0.0459779653900467,6.566658328638237,0.5392138598498754,0.269939123313658,0.0,0.0,latent_residual_flow_operator,latent_residual_flow,,,,,,,,,,,,,,,,,,,,,,,,,0.0189329385757446,0.0022237487137317,0.9810670018196106,0.6279285550117493,0.1181005761027336,1.414838394057042,0.0370084291970341,6.521127394685878,1.1664339564614532,3.108773018453816,3.108773018453816,3.089745050113606,0.0,58.9684853472682,-0.0030120571080603,0.215977611088228,1.0,10.0,0.269939123313658,600.0,6.0,2.0,0.5,50.0,128.0,0.001,0.0001,1e-12,,,,,
natops,2,wdba_sameclass,success,,0.9070392331641024,0.9387630329108326,0.03172379974673023,1440,10.0,10.0,dtw_barycenter,hard,resnet1d,True,True,tslearn,True,same_class_weighted_dba_anchor_dtw_softmax,1.0,13,0,0,6.534378480981104,,,,,,,,,,,,,,,,,,,,,,,,,,,,,,,,,,,,,,,,,,,,,,,,,,,,,,,,,,,,,,,,,,,,,,,,,,,,,,,,,,,,,,,,,,,,,,,,,,,,,,,,,,,,,,,,,,,,,,,,,,,,,,,,,,,,,,,,,,,,,,,,,,,,,,,,,,,,,,,,,,,,,,,,,,,,5.0,5.0,11.561992780484731,,
natops,2,dba_sameclass,success,,0.9070392331641024,0.9609623015873016,0.05392306842319916,1440,10.0,10.0,dtw_barycenter,hard,resnet1d,True,True,tslearn,True,same_class_dba,0.9720279720279721,30,0,0,6.502003403031267,,,,,,,,,,,,,,,,,,,,,,,,,,,,,,,,,,,,,,,,,,,,,,,,,,,,,,,,,,,,,,,,,,,,,,,,,,,,,,,,,,,,,,,,,,,,,,,,,,,,,,,,,,,,,,,,,,,,,,,,,,,,,,,,,,,,,,,,,,,,,,,,,,,,,,,,,,,,,,,,,,,,,,,,,,,,,,,5.0,5.0
natops,3,csta_topk_uniform_top5,success,,0.920588320022504,0.9550596329553824,0.03447131293287842,1440,10.0,10.0,covariance_template,hard,resnet1d,True,False,none,True,uniform_top5_response,0.972027972027972,30,0,0,9.749249372980557,uniform_topk,single_anchor,5,,PIA,TELM2,local_margin_safe_step,whitening_coloring,0.0004487496863068,2.9214561923216844,1.405648870062669,0.5563515004368449,0.0249482397876351,5.643837013582447,0.1,0.1,0.0,0.0,0.0,1440.0,1440.0,10.0,10.0,0.0,2.1859164585147184,0.1736111111111111,1.0,1440.0,True,1.0,True,/home/THL/project/MTS-PIA/standalone_projects/ACT_ManifoldBridge/results/csta_latent_residual_flow_pilot3/resnet1d_s123/_csta_runs/csta_topk_uniform_top5/natops/s3/candidate_audit/natops_s3_csta_topk_uniform_top5_candidate_audit.csv.gz,0.0999999999855442,2.42005780484244,4.208350283034092,2.431701958017617,1.7766483250164753,1.957645943181816,0.0999999999855442,0.1000000014901161,1.0,0.1,0.1,0.0249482397876351,0.0,0.0,5.643837013582447,2.9214561923216844,4.208350283034092,2.431701958017617,1.7766483250164753,1.957645943181816,2.42005780484244,1.0,0.0999999999855442,0.1000000014901161,2.1859164585147184,0.1736111111111111,response_only,topk_uniform_top5,1.0,1.0,0.0,0.0,,0.0,0.0,0.0,0.0,0.0,0.0,,,,,,1.0,1.0,,,,,,0.0,0.0,zpia_top1_pool,core_concat,concat_all,10.0,1.0,topk_uniform_top5,300.0,144.0,True,1.0,1.0,1.0,0.0,0.7591960365934863,0.7556615765190766,0.0114538393452741,,,,0.0,0.0,,,,0.0,,,,,,0.0,2.1859164585147184,,,,,,,,,,,,,,,,,,,,,,,,,,,,,,,,,,,,,,,,,,,,,,,,,,,,,,,,,,,
natops,3,random_cov_state,success,,0.9205883200225039,0.9442145349933976,0.023626214970893678,1440,10.0,10.0,covariance_state,hard,resnet1d,True,False,none,True,random_unit_z_direction,0.972027972027972,30,0,0,4.622244624886662,,,,,,,,,,2.9214074390603595,,,,,,,,,,,,,,,,,,,,,,,,,,,,,,,,,,,,,,,,,,,,,,,,,,,,,,,,,,,,,,,,,,,,,,,,,,,,,,,,,,,,,,,,,,,,,,,,,,,,,,,,,,,,,,,,,,,,,,,,,,,,,,,,,,,,,,,,,,,,,,,,,,,,,,,,,,,,,,,,,,,,,,
natops,3,csta_template_random_within_bank,success,,0.920588320022504,0.9076387267673532,-0.01294959325515077,1440,10.0,10.0,covariance_template,hard,resnet1d,True,False,none,True,csta_bank_random,0.972027972027972,17,0,0,8.16932117997203,random_within_bank,single_anchor,,,PIA,TELM2,local_margin_safe_step,whitening_coloring,0.0004486894250945,2.9214538135549493,1.4010452394220616,0.5512412561859932,0.0249482397930638,5.643837013582447,0.1,0.1,0.0,0.0,0.0,1440.0,1440.0,10.0,10.0,0.0,2.262440025802608,0.1319444444444444,1.0,1440.0,True,1.0,True,/home/THL/project/MTS-PIA/standalone_projects/ACT_ManifoldBridge/results/csta_latent_residual_flow_pilot3/resnet1d_s123/_csta_runs/csta_template_random_within_bank/natops/s3/candidate_audit/natops_s3_csta_template_random_within_bank_candidate_audit.csv.gz,0.1000000000050549,1.513311814209858,4.208350283034092,2.431701958017617,1.7766483250164753,1.957645943181816,0.1000000000050549,0.1000000014901161,1.0,0.1,0.1,0.0249482397930638,0.0,0.0,5.643837013582447,2.9214538135549493,4.208350283034092,2.431701958017617,1.7766483250164753,1.957645943181816,1.513311814209858,1.0,0.1000000000050549,0.1000000014901161,2.262440025802608,0.1319444444444444,response_only,random,1.0,1.0,0.0,0.0,,0.0,0.0,0.0,0.0,0.0,0.0,,,,,,1.0,1.0,,,,,,0.0,0.0,zpia_top1_pool,core_concat,concat_all,10.0,1.0,random,300.0,144.0,True,1.0,1.0,1.0,0.0,0.7591960365934863,0.7556615765190766,0.0114538393452741,,,,0.0,0.0,,,,0.0,,,,,,0.0,2.262440025802608,,,,,,,,,,,,,,,,,,,,,,,,,,,,,,,,,,,,,,,,,,,,,,,,,,,,,,,,,,,
natops,3,cs_flow_single_step,success,,0.920588320022504,0.943206753374148,0.02261843335164404,1440,10.0,10.0,covariance_state_flow,hard,resnet1d,True,False,none,True,cs_flow_single_step,0.972027972027972,30,0,0,10.28433586191386,cs_flow_single_step,anchor_conditioned_flow,,,CS-Flow,one_step_flow_matching,local_margin_safe_step,whitening_coloring,0.0004425017122087,2.9205546804683693,1.202508785581471,0.3276822160017485,0.0249482397923818,5.643837013582447,0.1,0.1,0.0,0.0,0.0,1440.0,1440.0,10.0,1.0,0.0,0.0,0.0,1.0,1440.0,True,1.0,True,/home/THL/project/MTS-PIA/standalone_projects/ACT_ManifoldBridge/results/csta_latent_residual_flow_pilot3/resnet1d_s123/_csta_runs/cs_flow_single_step/natops/s3/candidate_audit/natops_s3_cs_flow_single_step_candidate_audit.csv.gz,0.1,,,,,,,,,0.1,0.1,0.0249482397923818,0.0,0.0,5.643837013582447,2.9205546804683693,,,,,,1.0,0.1,0.1000000014901161,,,cs_flow_operator,cs_flow_single_step,1.0,1.0,0.0,0.0,1.0,0.0,0.0,0.0,0.0,0.0,0.0,,,,,,1.0,1.0,,,,,,0.0,0.0,cs_flow_operator,core_concat,concat_all,10.0,,none,,,,,,,,,,,,,,0.0,0.0,5.729244597357481,5.729244597357481,0.3988093681222173,0.0,,,,,,0.0,0.0,cs_flow_operator,cs_flow_single_step,0.0015536751598119,0.6905196309089661,0.3988093681222173,5.72924459735748,1.0293542593497524,5.72924459735748,1.0293542593497524,0.0,66.74313811297512,0.0020150244941037,67.89780143029853,0.0020150244941037,0.0999999999999999,1.0,1.0,600.0,6.0,2.0,0.0,5.0,50.0,128.0,0.001,0.0001,,,,,,,,,,,,,,,,,,,,,,,,,,,,,,,,,
natops,3,latent_residual_direct,success,,0.920588320022504,0.9608962156607792,0.04030789563827519,1440,10.0,10.0,covariance_state_latent_residual,hard,resnet1d,True,False,none,True,latent_residual_direct_probe,0.972027972027972,30,0,0,9.909847219008952,latent_residual_direct,anchor_conditioned_latent_residual,,,Latent Residual Flow,latent_residual_distribution,local_margin_safe_step,whitening_coloring,0.0004431472700295,2.932454227673261,1.194848444613846,0.3125052776209875,0.0249482397923818,5.643837013582447,0.1,0.1,0.0,0.0,0.0,1440.0,1440.0,10.0,1.0,0.0,0.0,0.0,1.0,1440.0,True,1.0,True,/home/THL/project/MTS-PIA/standalone_projects/ACT_ManifoldBridge/results/csta_latent_residual_flow_pilot3/resnet1d_s123/_csta_runs/latent_residual_direct/natops/s3/candidate_audit/natops_s3_latent_residual_direct_candidate_audit.csv.gz,0.1,,,,,,,,,0.1,0.1,0.0249482397923818,0.0,0.0,5.643837013582447,2.932454227673261,,,,,,1.0,0.1,0.100000001459072,,,latent_residual_flow_operator,latent_residual_direct,1.0,1.0,0.0,0.0,1.0,0.0,0.0,0.0,0.0,0.0,0.0,,,,,,1.0,1.0,,,,,,0.0,0.0,latent_residual_flow_operator,core_concat,concat_all,10.0,,none,,,,,,,,,,,,,,0.0,0.0,,,,0.0,6.50238067171716,0.0458470193081304,6.50238067171716,1.4138412030110636,1.0,0.0,0.0,latent_residual_flow_operator,latent_residual_direct,,,,,,,,,,,,,,,,,,,,,,,,,0.0,0.0,1.0,1.414943938524007,0.04528858473409,1.414943938524007,0.04528858473409,6.587375102676657,1.2890604580474443,3.10872835408376,3.10872835408376,3.0830615544956266,0.0,58.03174765052372,-0.0044008287391608,0.5096410779447429,0.838888888888889,8.38888888888889,1.0,0.0,0.0,0.0,0.5,50.0,128.0,0.001,0.0001,1e-12,,,,,
natops,3,latent_residual_flow,success,,0.920588320022504,0.9482481517197042,0.02765983169720021,1440,10.0,10.0,covariance_state_latent_residual,hard,resnet1d,True,False,none,True,latent_residual_sampling,0.972027972027972,30,0,0,10.518510864931159,latent_residual_flow,anchor_conditioned_latent_residual,,,Latent Residual Flow,latent_residual_distribution,local_margin_safe_step,whitening_coloring,0.0004474331382912,2.924983303332696,1.3544005354339024,0.5105902720424188,0.0249482397923818,5.643837013582447,0.1,0.1,0.0,0.0,0.0,1440.0,1440.0,10.0,1.0,0.0,0.0,0.0,1.0,1440.0,True,1.0,True,/home/THL/project/MTS-PIA/standalone_projects/ACT_ManifoldBridge/results/csta_latent_residual_flow_pilot3/resnet1d_s123/_csta_runs/latent_residual_flow/natops/s3/candidate_audit/natops_s3_latent_residual_flow_candidate_audit.csv.gz,0.1,,,,,,,,,0.1,0.1,0.0249482397923818,0.0,0.0,5.643837013582447,2.924983303332696,,,,,,1.0,0.1,0.1000000014901161,,,latent_residual_flow_operator,latent_residual_flow,1.0,1.0,0.0,0.0,1.0,0.0,0.0,0.0,0.0,0.0,0.0,,,,,,1.0,1.0,,,,,,0.0,0.0,latent_residual_flow_operator,core_concat,concat_all,10.0,,none,,,,,,,,,,,,,,0.0,0.0,,,,0.0,6.50238067171716,0.0458470193081304,6.50238067171716,0.5516142738776041,0.2664134539063029,0.0,0.0,latent_residual_flow_operator,latent_residual_flow,,,,,,,,,,,,,,,,,,,,,,,,,0.0203219559043645,0.0021740647498518,0.9796780347824096,0.6407420039176941,0.1295709162950515,1.414943938524007,0.04528858473409,6.587375102676657,1.2890604580474443,3.10872835408376,3.10872835408376,3.0830615544956266,0.0,58.03174765052372,-0.0044008287391608,0.2251438541370327,1.0,10.0,0.2664134539063029,600.0,6.0,2.0,0.5,50.0,128.0,0.001,0.0001,1e-12,,,,,
natops,3,wdba_sameclass,success,,0.9205883200225039,0.9422418566904924,0.021653536667988527,1440,10.0,10.0,dtw_barycenter,hard,resnet1d,True,True,tslearn,True,same_class_weighted_dba_anchor_dtw_softmax,0.972027972027972,26,0,0,8.124676194041967,,,,,,,,,,,,,,,,,,,,,,,,,,,,,,,,,,,,,,,,,,,,,,,,,,,,,,,,,,,,,,,,,,,,,,,,,,,,,,,,,,,,,,,,,,,,,,,,,,,,,,,,,,,,,,,,,,,,,,,,,,,,,,,,,,,,,,,,,,,,,,,,,,,,,,,,,,,,,,,,,,,,,,,,,,,,5.0,5.0,11.490804832062672,,
natops,3,dba_sameclass,success,,0.9205883200225039,0.9553391164665586,0.034750796444054655,1440,10.0,10.0,dtw_barycenter,hard,resnet1d,True,True,tslearn,True,same_class_dba,0.972027972027972,30,0,0,6.547457993030548,,,,,,,,,,,,,,,,,,,,,,,,,,,,,,,,,,,,,,,,,,,,,,,,,,,,,,,,,,,,,,,,,,,,,,,,,,,,,,,,,,,,,,,,,,,,,,,,,,,,,,,,,,,,,,,,,,,,,,,,,,,,,,,,,,,,,,,,,,,,,,,,,,,,,,,,,,,,,,,,,,,,,,,,,,,,,,,5.0,5.0
japanesevowels,1,csta_topk_uniform_top5,success,,0.9561456014766324,0.977748412110884,0.021602810634251624,2160,10.0,10.0,covariance_template,hard,resnet1d,True,False,none,True,uniform_top5_response,0.9813519813519817,30,0,0,11.745608269004151,uniform_topk,single_anchor,5,,PIA,TELM2,local_margin_safe_step,whitening_coloring,0.0003159381836357,2.4622206994638933,1.2247455895150228,0.3390200504332407,0.0248602950322588,5.394679395933378,0.0999999999999999,0.0999999999999999,0.0,0.0,0.0,2160.0,2160.0,10.0,10.0,0.0,2.2808997157194475,0.1527777777777778,1.0,2160.0,True,1.0,True,/home/THL/project/MTS-PIA/standalone_projects/ACT_ManifoldBridge/results/csta_latent_residual_flow_pilot3/resnet1d_s123/_csta_runs/csta_topk_uniform_top5/japanesevowels/s1/candidate_audit/japanesevowels_s1_csta_topk_uniform_top5_candidate_audit.csv.gz,0.0999999998403343,1.54321983751448,2.0970127461580987,1.5304873451039536,0.5665254010541452,2.09135402552237,0.0999999998403343,0.1000000014901161,1.0,0.0999999999999999,0.0999999999999999,0.0248602950322588,0.0,0.0,5.394679395933378,2.4622206994638933,2.0970127461580987,1.5304873451039536,0.5665254010541452,2.09135402552237,1.54321983751448,1.0,0.0999999998403343,0.1000000014901161,2.2808997157194475,0.1527777777777778,response_only,topk_uniform_top5,1.0,1.0,0.0,0.0,,0.0,0.0,0.0,0.0,0.0,0.0,,,,,,1.0,1.0,,,,,,0.0,0.0,zpia_top1_pool,core_concat,concat_all,10.0,1.0,topk_uniform_top5,78.0,216.0,False,1.0,1.0,1.0,0.0,0.7457823519458467,0.7501390617000077,0.012200302220932,,,,0.0,0.0,,,,0.0,,,,,,0.0,2.2808997157194475,,,,,,,,,,,,,,,,,,,,,,,,,,,,,,,,,,,,,,,,,,,,,,,,,,,,,,,,,,,
japanesevowels,1,random_cov_state,success,,0.9561456014766324,0.9866328147908892,0.030487213314256745,2160,10.0,10.0,covariance_state,hard,resnet1d,True,False,none,True,random_unit_z_direction,0.9813519813519815,13,0,0,3.4745147079229355,,,,,,,,,,2.4621617415920185,,,,,,,,,,,,,,,,,,,,,,,,,,,,,,,,,,,,,,,,,,,,,,,,,,,,,,,,,,,,,,,,,,,,,,,,,,,,,,,,,,,,,,,,,,,,,,,,,,,,,,,,,,,,,,,,,,,,,,,,,,,,,,,,,,,,,,,,,,,,,,,,,,,,,,,,,,,,,,,,,,,,,,
japanesevowels,1,csta_template_random_within_bank,success,,0.9561456014766324,0.9693470998285868,0.013201498351954388,2160,10.0,10.0,covariance_template,hard,resnet1d,True,False,none,True,csta_bank_random,0.9628334628334628,20,0,0,9.801490562967956,random_within_bank,single_anchor,,,PIA,TELM2,local_margin_safe_step,whitening_coloring,0.0003161062979056,2.462225276252173,1.230543968343324,0.3465772862021112,0.0248602950351081,5.394679395933378,0.0999999999999999,0.0999999999999999,0.0,0.0,0.0,2160.0,2160.0,10.0,10.0,0.0,2.281986387255432,0.125,1.0,2160.0,True,1.0,True,/home/THL/project/MTS-PIA/standalone_projects/ACT_ManifoldBridge/results/csta_latent_residual_flow_pilot3/resnet1d_s123/_csta_runs/csta_template_random_within_bank/japanesevowels/s1/candidate_audit/japanesevowels_s1_csta_template_random_within_bank_candidate_audit.csv.gz,0.0999999998534219,1.136087726310582,2.0970127461580987,1.5304873451039536,0.5665254010541452,2.09135402552237,0.0999999998534219,0.1000000014901161,1.0,0.0999999999999999,0.0999999999999999,0.0248602950351081,0.0,0.0,5.394679395933378,2.462225276252173,2.0970127461580987,1.5304873451039536,0.5665254010541452,2.09135402552237,1.136087726310582,1.0,0.0999999998534219,0.1000000014901161,2.281986387255432,0.125,response_only,random,1.0,1.0,0.0,0.0,,0.0,0.0,0.0,0.0,0.0,0.0,,,,,,1.0,1.0,,,,,,0.0,0.0,zpia_top1_pool,core_concat,concat_all,10.0,1.0,random,78.0,216.0,False,1.0,1.0,1.0,0.0,0.7457823519458467,0.7501390617000077,0.012200302220932,,,,0.0,0.0,,,,0.0,,,,,,0.0,2.281986387255432,,,,,,,,,,,,,,,,,,,,,,,,,,,,,,,,,,,,,,,,,,,,,,,,,,,,,,,,,,,
japanesevowels,1,cs_flow_single_step,success,,0.9561456014766324,0.964561873362011,0.008416271885378634,2160,10.0,10.0,covariance_state_flow,hard,resnet1d,True,False,none,True,cs_flow_single_step,0.9627039627039626,15,0,0,9.236669032019563,cs_flow_single_step,anchor_conditioned_flow,,,CS-Flow,one_step_flow_matching,local_margin_safe_step,whitening_coloring,0.0003150987423029,2.465287602065191,1.1876862652106246,0.3015951223841053,0.0248602950725059,5.3946793959333785,0.0999999999999999,0.0999999999999999,0.0,0.0,0.0,2160.0,2160.0,10.0,1.0,0.0,0.0,0.0,1.0,2160.0,True,1.0,True,/home/THL/project/MTS-PIA/standalone_projects/ACT_ManifoldBridge/results/csta_latent_residual_flow_pilot3/resnet1d_s123/_csta_runs/cs_flow_single_step/japanesevowels/s1/candidate_audit/japanesevowels_s1_cs_flow_single_step_candidate_audit.csv.gz,0.0999999999999999,,,,,,,,,0.0999999999999999,0.0999999999999999,0.0248602950725059,0.0,0.0,5.3946793959333785,2.465287602065191,,,,,,1.0,0.0999999999999999,0.1000000014556227,,,cs_flow_operator,cs_flow_single_step,1.0,1.0,0.0,0.0,1.0,0.0,0.0,0.0,0.0,0.0,0.0,,,,,,1.0,1.0,,,,,,0.0,0.0,cs_flow_operator,core_concat,concat_all,10.0,,none,,,,,,,,,,,,,,0.0,0.0,4.6810042935380185,4.6810042935380185,0.3781148499547567,0.0,,,,,,0.0,0.0,cs_flow_operator,cs_flow_single_step,0.0083781844004988,0.5620059967041016,0.3781148499547567,4.681004293538018,0.6975672115990819,4.681004293538018,0.6975672115990819,0.0,49.47005067239025,-0.0017838091881248,50.287120362778666,-0.0017838091881248,0.1,1.0,1.0,156.0,9.0,2.0,0.0,5.0,50.0,128.0,0.001,0.0001,,,,,,,,,,,,,,,,,,,,,,,,,,,,,,,,,
japanesevowels,1,latent_residual_direct,success,,0.9561456014766324,0.9819871737383528,0.025841572261720347,2160,10.0,10.0,covariance_state_latent_residual,hard,resnet1d,True,False,none,True,latent_residual_direct_probe,0.9628334628334628,23,0,0,10.11855574999936,latent_residual_direct,anchor_conditioned_latent_residual,,,Latent Residual Flow,latent_residual_distribution,local_margin_safe_step,whitening_coloring,0.000314605561462,2.480965918190679,1.1775465928445277,0.2888900216488789,0.0248602950725059,5.3946793959333785,0.0999999999999999,0.0999999999999999,0.0,0.0,0.0,2160.0,2160.0,10.0,1.0,0.0,0.0,0.0,1.0,2160.0,True,1.0,True,/home/THL/project/MTS-PIA/standalone_projects/ACT_ManifoldBridge/results/csta_latent_residual_flow_pilot3/resnet1d_s123/_csta_runs/latent_residual_direct/japanesevowels/s1/candidate_audit/japanesevowels_s1_latent_residual_direct_candidate_audit.csv.gz,0.1,,,,,,,,,0.0999999999999999,0.0999999999999999,0.0248602950725059,0.0,0.0,5.3946793959333785,2.480965918190679,,,,,,1.0,0.1,0.1000000014866667,,,latent_residual_flow_operator,latent_residual_direct,1.0,1.0,0.0,0.0,1.0,0.0,0.0,0.0,0.0,0.0,0.0,,,,,,1.0,1.0,,,,,,0.0,0.0,latent_residual_flow_operator,core_concat,concat_all,10.0,,none,,,,,,,,,,,,,,0.0,0.0,,,,0.0,5.360711122203889,0.0460920463863952,5.360711122203889,1.412425205682242,1.0,0.0,0.0,latent_residual_flow_operator,latent_residual_direct,,,,,,,,,,,,,,,,,,,,,,,,,0.0,0.0,1.0,1.414484320283306,0.0739251279927003,1.414484320283306,0.0739251279927003,5.3756254513562975,0.9022520280264646,3.105919366523372,3.105919366523372,3.075175262913845,0.0,45.5104921868443,-0.0024024185250005,0.5090562472939888,0.8083333333333335,8.083333333333334,1.0,0.0,0.0,0.0,0.5,50.0,128.0,0.001,0.0001,1e-12,,,,,
japanesevowels,1,latent_residual_flow,success,,0.9561456014766324,0.9803914296494382,0.02424582817280574,2160,10.0,10.0,covariance_state_latent_residual,hard,resnet1d,True,False,none,True,latent_residual_sampling,0.9627039627039626,17,0,0,10.009236129000783,latent_residual_flow,anchor_conditioned_latent_residual,,,Latent Residual Flow,latent_residual_distribution,local_margin_safe_step,whitening_coloring,0.0003156810027995,2.4656866757042843,1.2138287811892683,0.3344408269592784,0.0248602950725059,5.3946793959333785,0.0999999999999999,0.0999999999999999,0.0,0.0,0.0,2160.0,2160.0,10.0,1.0,0.0,0.0,0.0,1.0,2160.0,True,1.0,True,/home/THL/project/MTS-PIA/standalone_projects/ACT_ManifoldBridge/results/csta_latent_residual_flow_pilot3/resnet1d_s123/_csta_runs/latent_residual_flow/japanesevowels/s1/candidate_audit/japanesevowels_s1_latent_residual_flow_candidate_audit.csv.gz,0.1,,,,,,,,,0.0999999999999999,0.0999999999999999,0.0248602950725059,0.0,0.0,5.3946793959333785,2.4656866757042843,,,,,,1.0,0.1,0.1000000014866667,,,latent_residual_flow_operator,latent_residual_flow,1.0,1.0,0.0,0.0,1.0,0.0,0.0,0.0,0.0,0.0,0.0,,,,,,1.0,1.0,,,,,,0.0,0.0,latent_residual_flow_operator,core_concat,concat_all,10.0,,none,,,,,,,,,,,,,,0.0,0.0,,,,0.0,5.360711122203889,0.0460920463863952,5.360711122203889,0.2516593069637569,0.3490000618877853,0.0,0.0,latent_residual_flow_operator,latent_residual_flow,,,,,,,,,,,,,,,,,,,,,,,,,0.1265264749526977,0.0184751655906438,0.8734734654426575,0.257032036781311,0.0524755865335464,1.414484320283306,0.0739251279927003,5.3756254513562975,0.9022520280264646,3.105919366523372,3.105919366523372,3.075175262913845,0.0,45.5104921868443,-0.0024024185250005,0.0550241902952265,1.0,10.0,0.3490000618877853,156.0,9.0,2.0,0.5,50.0,128.0,0.001,0.0001,1e-12,,,,,
japanesevowels,1,wdba_sameclass,success,,0.9561456014766324,0.9660935593023928,0.009947957825760412,2160,10.0,10.0,dtw_barycenter,hard,resnet1d,True,True,tslearn,True,same_class_weighted_dba_anchor_dtw_softmax,0.9627039627039627,15,0,0,15.847154557937756,,,,,,,,,,,,,,,,,,,,,,,,,,,,,,,,,,,,,,,,,,,,,,,,,,,,,,,,,,,,,,,,,,,,,,,,,,,,,,,,,,,,,,,,,,,,,,,,,,,,,,,,,,,,,,,,,,,,,,,,,,,,,,,,,,,,,,,,,,,,,,,,,,,,,,,,,,,,,,,,,,,,,,,,,,,,5.0,5.0,2.521020860039065,,
japanesevowels,1,dba_sameclass,success,,0.9561456014766324,0.978753207436399,0.02260760595976663,2160,10.0,10.0,dtw_barycenter,hard,resnet1d,True,True,tslearn,True,same_class_dba,0.9440559440559441,24,0,0,5.993767568026669,,,,,,,,,,,,,,,,,,,,,,,,,,,,,,,,,,,,,,,,,,,,,,,,,,,,,,,,,,,,,,,,,,,,,,,,,,,,,,,,,,,,,,,,,,,,,,,,,,,,,,,,,,,,,,,,,,,,,,,,,,,,,,,,,,,,,,,,,,,,,,,,,,,,,,,,,,,,,,,,,,,,,,,,,,,,,,,5.0,5.0
japanesevowels,2,csta_topk_uniform_top5,success,,0.9741476029508114,0.9720074904623128,-0.0021401124884985467,2160,10.0,10.0,covariance_template,hard,resnet1d,True,False,none,True,uniform_top5_response,1.0,30,0,0,11.256103352992795,uniform_topk,single_anchor,5,,PIA,TELM2,local_margin_safe_step,whitening_coloring,0.0003157888430975,2.443911620853792,1.21840940076974,0.3328679261125654,0.0250582201224561,5.356552201176859,0.0999999999999999,0.0999999999999999,0.0,0.0,0.0,2160.0,2160.0,10.0,10.0,0.0,2.2579419741768376,0.1527777777777778,1.0,2160.0,True,1.0,True,/home/THL/project/MTS-PIA/standalone_projects/ACT_ManifoldBridge/results/csta_latent_residual_flow_pilot3/resnet1d_s123/_csta_runs/csta_topk_uniform_top5/japanesevowels/s2/candidate_audit/japanesevowels_s2_csta_topk_uniform_top5_candidate_audit.csv.gz,0.099999999922356,1.4842596523008906,2.096609975878026,1.491775978425743,0.6048339974522824,2.0819890586645435,0.099999999922356,0.1000000014901161,1.0,0.0999999999999999,0.0999999999999999,0.0250582201224561,0.0,0.0,5.356552201176859,2.443911620853792,2.096609975878026,1.491775978425743,0.6048339974522824,2.0819890586645435,1.4842596523008906,1.0,0.099999999922356,0.1000000014901161,2.2579419741768376,0.1527777777777778,response_only,topk_uniform_top5,1.0,1.0,0.0,0.0,,0.0,0.0,0.0,0.0,0.0,0.0,,,,,,1.0,1.0,,,,,,0.0,0.0,zpia_top1_pool,core_concat,concat_all,10.0,1.0,topk_uniform_top5,78.0,216.0,False,1.0,1.0,1.0,0.0,0.7493481019152409,0.7534476229307976,0.0126902622167224,,,,0.0,0.0,,,,0.0,,,,,,0.0,2.2579419741768376,,,,,,,,,,,,,,,,,,,,,,,,,,,,,,,,,,,,,,,,,,,,,,,,,,,,,,,,,,,
japanesevowels,2,random_cov_state,success,,0.9741476029508114,0.973509205873986,-0.0006383970768253366,2160,10.0,10.0,covariance_state,hard,resnet1d,True,False,none,True,random_unit_z_direction,1.0,30,0,0,5.997066939948127,,,,,,,,,,2.4439405190992347,,,,,,,,,,,,,,,,,,,,,,,,,,,,,,,,,,,,,,,,,,,,,,,,,,,,,,,,,,,,,,,,,,,,,,,,,,,,,,,,,,,,,,,,,,,,,,,,,,,,,,,,,,,,,,,,,,,,,,,,,,,,,,,,,,,,,,,,,,,,,,,,,,,,,,,,,,,,,,,,,,,,,,
japanesevowels,2,csta_template_random_within_bank,success,,0.9741476029508114,0.9659490262680872,-0.008198576682724168,2160,10.0,10.0,covariance_template,hard,resnet1d,True,False,none,True,csta_bank_random,1.0,30,0,0,11.047498294035904,random_within_bank,single_anchor,,,PIA,TELM2,local_margin_safe_step,whitening_coloring,0.0003159928880963,2.4439152179397268,1.2237205603392214,0.3412513223765612,0.0250582201407812,5.356552201176859,0.0999999999999999,0.0999999999999999,0.0,0.0,0.0,2160.0,2160.0,10.0,10.0,0.0,2.2808467200281277,0.1296296296296296,1.0,2160.0,True,1.0,True,/home/THL/project/MTS-PIA/standalone_projects/ACT_ManifoldBridge/results/csta_latent_residual_flow_pilot3/resnet1d_s123/_csta_runs/csta_template_random_within_bank/japanesevowels/s2/candidate_audit/japanesevowels_s2_csta_template_random_within_bank_candidate_audit.csv.gz,0.0999999999977245,1.0533893962004186,2.096609975878026,1.491775978425743,0.6048339974522824,2.0819890586645435,0.0999999999977245,0.1000000014901161,1.0,0.0999999999999999,0.0999999999999999,0.0250582201407812,0.0,0.0,5.356552201176859,2.4439152179397268,2.096609975878026,1.491775978425743,0.6048339974522824,2.0819890586645435,1.0533893962004186,1.0,0.0999999999977245,0.1000000014901161,2.2808467200281277,0.1296296296296296,response_only,random,1.0,1.0,0.0,0.0,,0.0,0.0,0.0,0.0,0.0,0.0,,,,,,1.0,1.0,,,,,,0.0,0.0,zpia_top1_pool,core_concat,concat_all,10.0,1.0,random,78.0,216.0,False,1.0,1.0,1.0,0.0,0.7493481019152409,0.7534476229307976,0.0126902622167224,,,,0.0,0.0,,,,0.0,,,,,,0.0,2.2808467200281277,,,,,,,,,,,,,,,,,,,,,,,,,,,,,,,,,,,,,,,,,,,,,,,,,,,,,,,,,,,
japanesevowels,2,cs_flow_single_step,success,,0.9741476029508114,0.9660170641800604,-0.008130538770750984,2160,10.0,10.0,covariance_state_flow,hard,resnet1d,True,False,none,True,cs_flow_single_step,1.0,30,0,0,11.708340308978222,cs_flow_single_step,anchor_conditioned_flow,,,CS-Flow,one_step_flow_matching,local_margin_safe_step,whitening_coloring,0.00031509918153,2.447522436964724,1.1940043613988829,0.3091846752019571,0.0250582201416601,5.356552201176859,0.0999999999999999,0.0999999999999999,0.0,0.0,0.0,2160.0,2160.0,10.0,1.0,0.0,0.0,0.0,1.0,2160.0,True,1.0,True,/home/THL/project/MTS-PIA/standalone_projects/ACT_ManifoldBridge/results/csta_latent_residual_flow_pilot3/resnet1d_s123/_csta_runs/cs_flow_single_step/japanesevowels/s2/candidate_audit/japanesevowels_s2_cs_flow_single_step_candidate_audit.csv.gz,0.0999999999999999,,,,,,,,,0.0999999999999999,0.0999999999999999,0.0250582201416601,0.0,0.0,5.356552201176859,2.447522436964724,,,,,,1.0,0.0999999999999999,0.1000000014901161,,,cs_flow_operator,cs_flow_single_step,1.0,1.0,0.0,0.0,1.0,0.0,0.0,0.0,0.0,0.0,0.0,,,,,,1.0,1.0,,,,,,0.0,0.0,cs_flow_operator,core_concat,concat_all,10.0,,none,,,,,,,,,,,,,,0.0,0.0,4.689867952661676,4.689867952661676,0.4004234132728675,0.0,,,,,,0.0,0.0,cs_flow_operator,cs_flow_single_step,0.0083671528846025,0.5629103779792786,0.4004234132728675,4.689867952661676,0.6543412563645449,4.689867952661676,0.6543412563645449,0.0,50.24974819766066,-0.0005191317419337,50.809486285608166,-0.0005191317419337,0.1,1.0,1.0,156.0,9.0,2.0,0.0,5.0,50.0,128.0,0.001,0.0001,,,,,,,,,,,,,,,,,,,,,,,,,,,,,,,,,
japanesevowels,2,latent_residual_direct,success,,0.9741476029508114,0.9749993215330724,0.000851718582261074,2160,10.0,10.0,covariance_state_latent_residual,hard,resnet1d,True,False,none,True,latent_residual_direct_probe,1.0,30,0,0,11.24563884595409,latent_residual_direct,anchor_conditioned_latent_residual,,,Latent Residual Flow,latent_residual_distribution,local_margin_safe_step,whitening_coloring,0.0003145690723253,2.4622769565168565,1.1772868631252134,0.288274019352871,0.0250582201416601,5.356552201176859,0.0999999999999999,0.0999999999999999,0.0,0.0,0.0,2160.0,2160.0,10.0,1.0,0.0,0.0,0.0,1.0,2160.0,True,1.0,True,/home/THL/project/MTS-PIA/standalone_projects/ACT_ManifoldBridge/results/csta_latent_residual_flow_pilot3/resnet1d_s123/_csta_runs/latent_residual_direct/japanesevowels/s2/candidate_audit/japanesevowels_s2_latent_residual_direct_candidate_audit.csv.gz,0.0999999999999999,,,,,,,,,0.0999999999999999,0.0999999999999999,0.0250582201416601,0.0,0.0,5.356552201176859,2.4622769565168565,,,,,,1.0,0.0999999999999999,0.1000000014763187,,,latent_residual_flow_operator,latent_residual_direct,1.0,1.0,0.0,0.0,1.0,0.0,0.0,0.0,0.0,0.0,0.0,,,,,,1.0,1.0,,,,,,0.0,0.0,latent_residual_flow_operator,core_concat,concat_all,10.0,,none,,,,,,,,,,,,,,0.0,0.0,,,,0.0,5.38191094224601,0.0460448785050963,5.38191094224601,1.4152085209580816,1.0,0.0,0.0,latent_residual_flow_operator,latent_residual_direct,,,,,,,,,,,,,,,,,,,,,,,,,0.0,0.0,1.0,1.4222462092338015,0.0797702290008573,1.4222462092338015,0.0797702290008573,5.402870698594616,0.898063238013487,3.106268357453509,3.106268357453509,3.0887995357509284,0.0,45.43073032835439,-0.0021678238919048,0.5136741021551553,0.800462962962963,8.00462962962963,1.0,0.0,0.0,0.0,0.5,50.0,128.0,0.001,0.0001,1e-12,,,,,
japanesevowels,2,latent_residual_flow,success,,0.9741476029508114,0.9883580354636116,0.014210432512800186,2160,10.0,10.0,covariance_state_latent_residual,hard,resnet1d,True,False,none,True,latent_residual_sampling,1.0,30,0,0,12.513794010039419,latent_residual_flow,anchor_conditioned_latent_residual,,,Latent Residual Flow,latent_residual_distribution,local_margin_safe_step,whitening_coloring,0.0003156270526496,2.4470102321066425,1.2130605293924728,0.3336492733147399,0.0250582201416601,5.356552201176859,0.0999999999999999,0.0999999999999999,0.0,0.0,0.0,2160.0,2160.0,10.0,1.0,0.0,0.0,0.0,1.0,2160.0,True,1.0,True,/home/THL/project/MTS-PIA/standalone_projects/ACT_ManifoldBridge/results/csta_latent_residual_flow_pilot3/resnet1d_s123/_csta_runs/latent_residual_flow/japanesevowels/s2/candidate_audit/japanesevowels_s2_latent_residual_flow_candidate_audit.csv.gz,0.0999999999999999,,,,,,,,,0.0999999999999999,0.0999999999999999,0.0250582201416601,0.0,0.0,5.356552201176859,2.4470102321066425,,,,,,1.0,0.0999999999999999,0.1000000014866667,,,latent_residual_flow_operator,latent_residual_flow,1.0,1.0,0.0,0.0,1.0,0.0,0.0,0.0,0.0,0.0,0.0,,,,,,1.0,1.0,,,,,,0.0,0.0,latent_residual_flow_operator,core_concat,concat_all,10.0,,none,,,,,,,,,,,,,,0.0,0.0,,,,0.0,5.38191094224601,0.0460448785050963,5.38191094224601,0.2406794897882341,0.3272152134583971,0.0,0.0,latent_residual_flow_operator,latent_residual_flow,,,,,,,,,,,,,,,,,,,,,,,,,0.1274160593748092,0.0189351011067628,0.8725839853286743,0.2490589022636413,0.0494398772716522,1.4222462092338015,0.0797702290008573,5.402870698594616,0.898063238013487,3.106268357453509,3.106268357453509,3.0887995357509284,0.0,45.43073032835439,-0.0021678238919048,0.0475421318532035,1.0,10.0,0.3272152134583971,156.0,9.0,2.0,0.5,50.0,128.0,0.001,0.0001,1e-12,,,,,
japanesevowels,2,wdba_sameclass,success,,0.9741476029508114,0.978029905954106,0.003882303003294618,2160,10.0,10.0,dtw_barycenter,hard,resnet1d,True,True,tslearn,True,same_class_weighted_dba_anchor_dtw_softmax,1.0,30,0,0,18.45176093489863,,,,,,,,,,,,,,,,,,,,,,,,,,,,,,,,,,,,,,,,,,,,,,,,,,,,,,,,,,,,,,,,,,,,,,,,,,,,,,,,,,,,,,,,,,,,,,,,,,,,,,,,,,,,,,,,,,,,,,,,,,,,,,,,,,,,,,,,,,,,,,,,,,,,,,,,,,,,,,,,,,,,,,,,,,,,5.0,5.0,2.571520915083758,,
japanesevowels,2,dba_sameclass,success,,0.9741476029508114,0.9784044696769024,0.0042568667260910464,2160,10.0,10.0,dtw_barycenter,hard,resnet1d,True,True,tslearn,True,same_class_dba,1.0,30,0,0,7.3874110809993,,,,,,,,,,,,,,,,,,,,,,,,,,,,,,,,,,,,,,,,,,,,,,,,,,,,,,,,,,,,,,,,,,,,,,,,,,,,,,,,,,,,,,,,,,,,,,,,,,,,,,,,,,,,,,,,,,,,,,,,,,,,,,,,,,,,,,,,,,,,,,,,,,,,,,,,,,,,,,,,,,,,,,,,,,,,,,,5.0,5.0
japanesevowels,3,csta_topk_uniform_top5,success,,0.9681596726696928,0.9858464973490269,0.017686824679334023,2160,10.0,10.0,covariance_template,hard,resnet1d,True,False,none,True,uniform_top5_response,0.9813519813519817,30,0,0,11.5661479330156,uniform_topk,single_anchor,5,,PIA,TELM2,local_margin_safe_step,whitening_coloring,0.0003158949349976,2.4440257806547754,1.2170674258325704,0.3375596601228831,0.0249446545303879,5.378469108461614,0.0999999999999999,0.0999999999999999,0.0,0.0,0.0,2160.0,2160.0,10.0,10.0,0.0,2.2753389404077917,0.1481481481481481,1.0,2160.0,True,1.0,True,/home/THL/project/MTS-PIA/standalone_projects/ACT_ManifoldBridge/results/csta_latent_residual_flow_pilot3/resnet1d_s123/_csta_runs/csta_topk_uniform_top5/japanesevowels/s3/candidate_audit/japanesevowels_s3_csta_topk_uniform_top5_candidate_audit.csv.gz,0.0999999999388948,1.4898843334375682,2.084083082872028,1.5095176670305872,0.57456541584144,2.0908824064135976,0.0999999999388948,0.1000000014901161,1.0,0.0999999999999999,0.0999999999999999,0.0249446545303879,0.0,0.0,5.378469108461614,2.4440257806547754,2.084083082872028,1.5095176670305872,0.57456541584144,2.0908824064135976,1.4898843334375682,1.0,0.0999999999388948,0.1000000014901161,2.2753389404077917,0.1481481481481481,response_only,topk_uniform_top5,1.0,1.0,0.0,0.0,,0.0,0.0,0.0,0.0,0.0,0.0,,,,,,1.0,1.0,,,,,,0.0,0.0,zpia_top1_pool,core_concat,concat_all,10.0,1.0,topk_uniform_top5,78.0,216.0,False,1.0,1.0,1.0,0.0,0.7488016497452964,0.7512732409111937,0.0123525275859869,,,,0.0,0.0,,,,0.0,,,,,,0.0,2.2753389404077917,,,,,,,,,,,,,,,,,,,,,,,,,,,,,,,,,,,,,,,,,,,,,,,,,,,,,,,,,,,
japanesevowels,3,random_cov_state,success,,0.9681596726696929,0.9917695653737475,0.023609892704054558,2160,10.0,10.0,covariance_state,hard,resnet1d,True,False,none,True,random_unit_z_direction,1.0,30,0,0,6.4671747400425375,,,,,,,,,,2.444048555188742,,,,,,,,,,,,,,,,,,,,,,,,,,,,,,,,,,,,,,,,,,,,,,,,,,,,,,,,,,,,,,,,,,,,,,,,,,,,,,,,,,,,,,,,,,,,,,,,,,,,,,,,,,,,,,,,,,,,,,,,,,,,,,,,,,,,,,,,,,,,,,,,,,,,,,,,,,,,,,,,,,,,,,
japanesevowels,3,csta_template_random_within_bank,success,,0.9681596726696928,0.982738522154802,0.014578849485109124,2160,10.0,10.0,covariance_template,hard,resnet1d,True,False,none,True,csta_bank_random,1.0,29,0,0,10.997792785987258,random_within_bank,single_anchor,,,PIA,TELM2,local_margin_safe_step,whitening_coloring,0.0003159312399026,2.444022560921601,1.2190293024989145,0.33855812083975,0.0249446545322722,5.378469108461614,0.0999999999999999,0.0999999999999999,0.0,0.0,0.0,2160.0,2160.0,10.0,10.0,0.0,2.27925493282502,0.1296296296296296,1.0,2160.0,True,1.0,True,/home/THL/project/MTS-PIA/standalone_projects/ACT_ManifoldBridge/results/csta_latent_residual_flow_pilot3/resnet1d_s123/_csta_runs/csta_template_random_within_bank/japanesevowels/s3/candidate_audit/japanesevowels_s3_csta_template_random_within_bank_candidate_audit.csv.gz,0.0999999999478788,1.01048252029786,2.084083082872028,1.5095176670305872,0.57456541584144,2.0908824064135976,0.0999999999478788,0.1000000014901161,1.0,0.0999999999999999,0.0999999999999999,0.0249446545322722,0.0,0.0,5.378469108461614,2.444022560921601,2.084083082872028,1.5095176670305872,0.57456541584144,2.0908824064135976,1.01048252029786,1.0,0.0999999999478788,0.1000000014901161,2.27925493282502,0.1296296296296296,response_only,random,1.0,1.0,0.0,0.0,,0.0,0.0,0.0,0.0,0.0,0.0,,,,,,1.0,1.0,,,,,,0.0,0.0,zpia_top1_pool,core_concat,concat_all,10.0,1.0,random,78.0,216.0,False,1.0,1.0,1.0,0.0,0.7488016497452964,0.7512732409111937,0.0123525275859869,,,,0.0,0.0,,,,0.0,,,,,,0.0,2.27925493282502,,,,,,,,,,,,,,,,,,,,,,,,,,,,,,,,,,,,,,,,,,,,,,,,,,,,,,,,,,,
japanesevowels,3,cs_flow_single_step,success,,0.9681596726696928,0.9857150051954814,0.01755533252578856,2160,10.0,10.0,covariance_state_flow,hard,resnet1d,True,False,none,True,cs_flow_single_step,1.0,30,0,0,11.657678331015632,cs_flow_single_step,anchor_conditioned_flow,,,CS-Flow,one_step_flow_matching,local_margin_safe_step,whitening_coloring,0.0003145654030796,2.446635103458025,1.1889677471581008,0.3045110592732503,0.02494465454452,5.378469108461614,0.0999999999999999,0.0999999999999999,0.0,0.0,0.0,2160.0,2160.0,10.0,1.0,0.0,0.0,0.0,1.0,2160.0,True,1.0,True,/home/THL/project/MTS-PIA/standalone_projects/ACT_ManifoldBridge/results/csta_latent_residual_flow_pilot3/resnet1d_s123/_csta_runs/cs_flow_single_step/japanesevowels/s3/candidate_audit/japanesevowels_s3_cs_flow_single_step_candidate_audit.csv.gz,0.0999999999999999,,,,,,,,,0.0999999999999999,0.0999999999999999,0.02494465454452,0.0,0.0,5.378469108461614,2.446635103458025,,,,,,1.0,0.0999999999999999,0.1000000014211292,,,cs_flow_operator,cs_flow_single_step,1.0,1.0,0.0,0.0,1.0,0.0,0.0,0.0,0.0,0.0,0.0,,,,,,1.0,1.0,,,,,,0.0,0.0,cs_flow_operator,core_concat,concat_all,10.0,,none,,,,,,,,,,,,,,0.0,0.0,4.676515679832578,4.676515679832578,0.4173484097310501,0.0,,,,,,0.0,0.0,cs_flow_operator,cs_flow_single_step,0.0085716331377625,0.5503749251365662,0.4173484097310501,4.676515679832578,0.6896298994547211,4.676515679832578,0.6896298994547211,0.0,49.43978132067024,-0.0004087782450632,49.99382358999202,-0.0004087782450632,0.1,1.0,1.0,156.0,9.0,2.0,0.0,5.0,50.0,128.0,0.001,0.0001,,,,,,,,,,,,,,,,,,,,,,,,,,,,,,,,,
japanesevowels,3,latent_residual_direct,success,,0.9681596726696928,0.975278465337578,0.0071187926678851765,2160,10.0,10.0,covariance_state_latent_residual,hard,resnet1d,True,False,none,True,latent_residual_direct_probe,0.9813519813519817,30,0,0,10.898794546024874,latent_residual_direct,anchor_conditioned_latent_residual,,,Latent Residual Flow,latent_residual_distribution,local_margin_safe_step,whitening_coloring,0.0003146726408264,2.4628304721275005,1.1794423835627117,0.2907915931106052,0.02494465454452,5.378469108461614,0.0999999999999999,0.0999999999999999,0.0,0.0,0.0,2160.0,2160.0,10.0,1.0,0.0,0.0,0.0,1.0,2160.0,True,1.0,True,/home/THL/project/MTS-PIA/standalone_projects/ACT_ManifoldBridge/results/csta_latent_residual_flow_pilot3/resnet1d_s123/_csta_runs/latent_residual_direct/japanesevowels/s3/candidate_audit/japanesevowels_s3_latent_residual_direct_candidate_audit.csv.gz,0.0999999999999999,,,,,,,,,0.0999999999999999,0.0999999999999999,0.02494465454452,0.0,0.0,5.378469108461614,2.4628304721275005,,,,,,1.0,0.0999999999999999,0.100000001479768,,,latent_residual_flow_operator,latent_residual_direct,1.0,1.0,0.0,0.0,1.0,0.0,0.0,0.0,0.0,0.0,0.0,,,,,,1.0,1.0,,,,,,0.0,0.0,latent_residual_flow_operator,core_concat,concat_all,10.0,,none,,,,,,,,,,,,,,0.0,0.0,,,,0.0,5.317437051850537,0.0463505188254514,5.317437051850537,1.4110924627254993,1.0,0.0,0.0,latent_residual_flow_operator,latent_residual_direct,,,,,,,,,,,,,,,,,,,,,,,,,0.0,0.0,1.0,1.420991276433956,0.0764351984968309,1.420991276433956,0.0764351984968309,5.2611398742520485,0.8295248744834729,3.106439547339836,3.1064395473398365,3.0888959760159067,0.0,46.73498665854667,-0.0027077423631294,0.5090989800944535,0.8101851851851852,8.101851851851851,1.0,0.0,0.0,0.0,0.5,50.0,128.0,0.001,0.0001,1e-12,,,,,
japanesevowels,3,latent_residual_flow,success,,0.9681596726696928,0.9738241464777718,0.005664473808078996,2160,10.0,10.0,covariance_state_latent_residual,hard,resnet1d,True,False,none,True,latent_residual_sampling,0.9813519813519817,30,0,0,11.95973048498854,latent_residual_flow,anchor_conditioned_latent_residual,,,Latent Residual Flow,latent_residual_distribution,local_margin_safe_step,whitening_coloring,0.0003157440178188,2.4473144514916623,1.2133872074043748,0.3337809985092797,0.02494465454452,5.378469108461614,0.0999999999999999,0.0999999999999999,0.0,0.0,0.0,2160.0,2160.0,10.0,1.0,0.0,0.0,0.0,1.0,2160.0,True,1.0,True,/home/THL/project/MTS-PIA/standalone_projects/ACT_ManifoldBridge/results/csta_latent_residual_flow_pilot3/resnet1d_s123/_csta_runs/latent_residual_flow/japanesevowels/s3/candidate_audit/japanesevowels_s3_latent_residual_flow_candidate_audit.csv.gz,0.0999999999999999,,,,,,,,,0.0999999999999999,0.0999999999999999,0.02494465454452,0.0,0.0,5.378469108461614,2.4473144514916623,,,,,,1.0,0.0999999999999999,0.1000000014866667,,,latent_residual_flow_operator,latent_residual_flow,1.0,1.0,0.0,0.0,1.0,0.0,0.0,0.0,0.0,0.0,0.0,,,,,,1.0,1.0,,,,,,0.0,0.0,latent_residual_flow_operator,core_concat,concat_all,10.0,,none,,,,,,,,,,,,,,0.0,0.0,,,,0.0,5.317437051850537,0.0463505188254514,5.317437051850537,0.2648220547423956,0.3118244908069631,0.0,0.0,latent_residual_flow_operator,latent_residual_flow,,,,,,,,,,,,,,,,,,,,,,,,,0.1370239108800888,0.0183932278305292,0.86297607421875,0.2725220620632171,0.0512200370430946,1.420991276433956,0.0764351984968309,5.2611398742520485,0.8295248744834729,3.106439547339836,3.1064395473398365,3.0888959760159067,0.0,46.73498665854667,-0.0027077423631294,0.0585060979700203,1.0,10.0,0.3118244908069631,156.0,9.0,2.0,0.5,50.0,128.0,0.001,0.0001,1e-12,,,,,
japanesevowels,3,wdba_sameclass,success,,0.9681596726696929,0.9804414285788327,0.012281755909139713,2160,10.0,10.0,dtw_barycenter,hard,resnet1d,True,True,tslearn,True,same_class_weighted_dba_anchor_dtw_softmax,1.0,26,0,0,17.64034669706598,,,,,,,,,,,,,,,,,,,,,,,,,,,,,,,,,,,,,,,,,,,,,,,,,,,,,,,,,,,,,,,,,,,,,,,,,,,,,,,,,,,,,,,,,,,,,,,,,,,,,,,,,,,,,,,,,,,,,,,,,,,,,,,,,,,,,,,,,,,,,,,,,,,,,,,,,,,,,,,,,,,,,,,,,,,,5.0,5.0,2.5399708299206387,,
japanesevowels,3,dba_sameclass,success,,0.9681596726696929,0.9830975321474834,0.014937859477790472,2160,10.0,10.0,dtw_barycenter,hard,resnet1d,True,True,tslearn,True,same_class_dba,1.0,30,0,0,7.288014312041923,,,,,,,,,,,,,,,,,,,,,,,,,,,,,,,,,,,,,,,,,,,,,,,,,,,,,,,,,,,,,,,,,,,,,,,,,,,,,,,,,,,,,,,,,,,,,,,,,,,,,,,,,,,,,,,,,,,,,,,,,,,,,,,,,,,,,,,,,,,,,,,,,,,,,,,,,,,,,,,,,,,,,,,,,,,,,,,5.0,5.0
racketsports,1,csta_topk_uniform_top5,success,,0.8656212251404092,0.8836541979147613,0.01803297277435212,1200,10.0,10.0,covariance_template,hard,resnet1d,True,False,none,True,uniform_top5_response,0.9409722222222222,24,0,0,7.620027489960194,uniform_topk,single_anchor,5,,PIA,TELM2,local_margin_safe_step,whitening_coloring,0.0002216949517642,0.0001210313389003,1.0995935217345465,0.1589441426297356,0.0655241100416824,2.1438648560026827,0.1,0.1,0.0,0.0,0.0,1200.0,1200.0,10.0,10.0,0.0,2.275203377551117,0.1583333333333333,1.0,1200.0,True,1.0,True,/home/THL/project/MTS-PIA/standalone_projects/ACT_ManifoldBridge/results/csta_latent_residual_flow_pilot3/resnet1d_s123/_csta_runs/csta_topk_uniform_top5/racketsports/s1/candidate_audit/racketsports_s1_csta_topk_uniform_top5_candidate_audit.csv.gz,0.1000000005150983,0.9245948209127982,1.2662359186296734,0.9098031937436988,0.3564327248859743,2.0783156069380166,0.1000000005150983,0.1000000014901161,1.0,0.1,0.1,0.0655241100416824,0.0,0.0,2.1438648560026827,0.0001210313389003,1.2662359186296734,0.9098031937436988,0.3564327248859743,2.0783156069380166,0.9245948209127982,1.0,0.1000000005150983,0.1000000014901161,2.275203377551117,0.1583333333333333,response_only,topk_uniform_top5,1.0,1.0,0.0,0.0,,0.0,0.0,0.0,0.0,0.0,0.0,,,,,,1.0,1.0,,,,,,0.0,0.0,zpia_top1_pool,core_concat,concat_all,10.0,1.0,topk_uniform_top5,21.0,120.0,False,1.0,1.0,1.0,0.0,0.6439876728442867,0.6505309066490541,0.0133635817838723,,,,0.0,0.0,,,,0.0,,,,,,0.0,2.275203377551117,,,,,,,,,,,,,,,,,,,,,,,,,,,,,,,,,,,,,,,,,,,,,,,,,,,,,,,,,,,
racketsports,1,random_cov_state,success,,0.8656212251404092,0.8852757165720937,0.019654491431684518,1200,10.0,10.0,covariance_state,hard,resnet1d,True,False,none,True,random_unit_z_direction,0.9409722222222222,30,0,0,3.5442986310226843,,,,,,,,,,0.00012104707091044239,,,,,,,,,,,,,,,,,,,,,,,,,,,,,,,,,,,,,,,,,,,,,,,,,,,,,,,,,,,,,,,,,,,,,,,,,,,,,,,,,,,,,,,,,,,,,,,,,,,,,,,,,,,,,,,,,,,,,,,,,,,,,,,,,,,,,,,,,,,,,,,,,,,,,,,,,,,,,,,,,,,,,,
racketsports,1,csta_template_random_within_bank,success,,0.8656212251404092,0.8831455399061033,0.01752431476569416,1200,10.0,10.0,covariance_template,hard,resnet1d,True,False,none,True,csta_bank_random,0.9409722222222222,24,0,0,7.633688581059687,random_within_bank,single_anchor,,,PIA,TELM2,local_margin_safe_step,whitening_coloring,0.0002217020075109,0.0001210358037507,1.099741774873562,0.1592059607492786,0.0655241100442497,2.1438648560026827,0.1,0.1,0.0,0.0,0.0,1200.0,1200.0,10.0,10.0,0.0,2.258223307985274,0.1333333333333333,1.0,1200.0,True,1.0,True,/home/THL/project/MTS-PIA/standalone_projects/ACT_ManifoldBridge/results/csta_latent_residual_flow_pilot3/resnet1d_s123/_csta_runs/csta_template_random_within_bank/racketsports/s1/candidate_audit/racketsports_s1_csta_template_random_within_bank_candidate_audit.csv.gz,0.1000000004688287,0.6609764279167863,1.2662359186296734,0.9098031937436988,0.3564327248859743,2.0783156069380166,0.1000000004688287,0.1000000014901161,1.0,0.1,0.1,0.0655241100442497,0.0,0.0,2.1438648560026827,0.0001210358037507,1.2662359186296734,0.9098031937436988,0.3564327248859743,2.0783156069380166,0.6609764279167863,1.0,0.1000000004688287,0.1000000014901161,2.258223307985274,0.1333333333333333,response_only,random,1.0,1.0,0.0,0.0,,0.0,0.0,0.0,0.0,0.0,0.0,,,,,,1.0,1.0,,,,,,0.0,0.0,zpia_top1_pool,core_concat,concat_all,10.0,1.0,random,21.0,120.0,False,1.0,1.0,1.0,0.0,0.6439876728442867,0.6505309066490541,0.0133635817838723,,,,0.0,0.0,,,,0.0,,,,,,0.0,2.258223307985274,,,,,,,,,,,,,,,,,,,,,,,,,,,,,,,,,,,,,,,,,,,,,,,,,,,,,,,,,,,
racketsports,1,cs_flow_single_step,success,,0.8656212251404092,0.8970523858164308,0.031431160676021586,1200,10.0,10.0,covariance_state_flow,hard,resnet1d,True,False,none,True,cs_flow_single_step,0.9373774509803922,16,0,0,7.12994861707557,cs_flow_single_step,anchor_conditioned_flow,,,CS-Flow,one_step_flow_matching,local_margin_safe_step,whitening_coloring,0.0002214526443224,0.0001215960905843,1.0945349379784128,0.1517184340513762,0.0655241097122518,2.1438648560026827,0.1,0.1,0.0,0.0,0.0,1200.0,1200.0,10.0,1.0,0.0,0.0,0.0,1.0,1200.0,True,1.0,True,/home/THL/project/MTS-PIA/standalone_projects/ACT_ManifoldBridge/results/csta_latent_residual_flow_pilot3/resnet1d_s123/_csta_runs/cs_flow_single_step/racketsports/s1/candidate_audit/racketsports_s1_cs_flow_single_step_candidate_audit.csv.gz,0.1,,,,,,,,,0.1,0.1,0.0655241097122518,0.0,0.0,2.1438648560026827,0.0001215960905843,,,,,,1.0,0.1,0.1000000014280279,,,cs_flow_operator,cs_flow_single_step,1.0,1.0,0.0,0.0,1.0,0.0,0.0,0.0,0.0,0.0,0.0,,,,,,1.0,1.0,,,,,,0.0,0.0,cs_flow_operator,core_concat,concat_all,10.0,,none,,,,,,,,,,,,,,0.0,0.0,2.366774877013447,2.366774877013447,0.4822121601575484,0.0,,,,,,0.0,0.0,cs_flow_operator,cs_flow_single_step,0.0357372090220451,0.4685910642147064,0.4822121601575484,2.366774877013447,0.8239873258919682,2.366774877013447,0.8239873258919682,0.0,15.709795239975383,-0.0011504853290943,17.32769453563638,-0.0011504853290943,0.1,1.0,1.0,128.0,4.0,2.0,0.0,5.0,50.0,128.0,0.001,0.0001,,,,,,,,,,,,,,,,,,,,,,,,,,,,,,,,,
racketsports,1,latent_residual_direct,success,,0.8656212251404092,0.8658930669800236,0.0002718418396143729,1200,10.0,10.0,covariance_state_latent_residual,hard,resnet1d,True,False,none,True,latent_residual_direct_probe,0.9409722222222222,30,0,0,8.093760235002264,latent_residual_direct,anchor_conditioned_latent_residual,,,Latent Residual Flow,latent_residual_distribution,local_margin_safe_step,whitening_coloring,0.0002220344882917,0.0001221847034731,1.0912788462068617,0.1464758514598961,0.0655241097122518,2.1438648560026827,0.1,0.1,0.0,0.0,0.0,1200.0,1200.0,10.0,1.0,0.0,0.0,0.0,1.0,1200.0,True,1.0,True,/home/THL/project/MTS-PIA/standalone_projects/ACT_ManifoldBridge/results/csta_latent_residual_flow_pilot3/resnet1d_s123/_csta_runs/latent_residual_direct/racketsports/s1/candidate_audit/racketsports_s1_latent_residual_direct_candidate_audit.csv.gz,0.1,,,,,,,,,0.1,0.1,0.0655241097122518,0.0,0.0,2.1438648560026827,0.0001221847034731,,,,,,1.0,0.1,0.1000000014776984,,,latent_residual_flow_operator,latent_residual_direct,1.0,1.0,0.0,0.0,1.0,0.0,0.0,0.0,0.0,0.0,0.0,,,,,,1.0,1.0,,,,,,0.0,0.0,latent_residual_flow_operator,core_concat,concat_all,10.0,,none,,,,,,,,,,,,,,0.0,0.0,,,,0.0,2.987795061873889,0.0426982040682141,2.987795061873889,1.4015414266202837,1.0,0.0,0.0,latent_residual_flow_operator,latent_residual_direct,,,,,,,,,,,,,,,,,,,,,,,,,0.0,0.0,1.0,1.4000426984306062,0.1764789167972634,1.4000426984306062,0.1764789167972634,2.954546561745177,0.9378314633011602,3.25257632730232,3.248073455784204,3.183808820177432,0.0,15.225323993933683,-0.0016351536829878,0.4867228567717717,0.8266666666666668,8.266666666666667,1.0,0.0,0.0,0.0,0.5,50.0,128.0,0.001,0.0001,1e-12,,,,,
racketsports,1,latent_residual_flow,success,,0.8656212251404092,0.8723076923076923,0.006686467167283161,1200,10.0,10.0,covariance_state_latent_residual,hard,resnet1d,True,False,none,True,latent_residual_sampling,0.9409722222222222,30,0,0,8.816089718951844,latent_residual_flow,anchor_conditioned_latent_residual,,,Latent Residual Flow,latent_residual_distribution,local_margin_safe_step,whitening_coloring,0.0002219314521916,0.000121364128672,1.1019435465643732,0.1616487755366238,0.0655241097122518,2.1438648560026827,0.1,0.1,0.0,0.0,0.0,1200.0,1200.0,10.0,1.0,0.0,0.0,0.0,1.0,1200.0,True,1.0,True,/home/THL/project/MTS-PIA/standalone_projects/ACT_ManifoldBridge/results/csta_latent_residual_flow_pilot3/resnet1d_s123/_csta_runs/latent_residual_flow/racketsports/s1/candidate_audit/racketsports_s1_latent_residual_flow_candidate_audit.csv.gz,0.1,,,,,,,,,0.1,0.1,0.0655241097122518,0.0,0.0,2.1438648560026827,0.000121364128672,,,,,,1.0,0.1,0.1000000014280279,,,latent_residual_flow_operator,latent_residual_flow,1.0,1.0,0.0,0.0,1.0,0.0,0.0,0.0,0.0,0.0,0.0,,,,,,1.0,1.0,,,,,,0.0,0.0,latent_residual_flow_operator,core_concat,concat_all,10.0,,none,,,,,,,,,,,,,,0.0,0.0,,,,0.0,2.987795061873889,0.0426982040682141,2.987795061873889,0.2854187576899784,0.3836910717362428,0.0,0.0,latent_residual_flow_operator,latent_residual_flow,,,,,,,,,,,,,,,,,,,,,,,,,0.2455973178148269,0.0697961822152137,0.754402756690979,0.2908810377120971,0.0810322612524032,1.4000426984306062,0.1764789167972634,2.954546561745177,0.9378314633011602,3.25257632730232,3.248073455784204,3.183808820177432,0.0,15.225323993933683,-0.0016351536829878,0.0653197647097423,1.0,10.0,0.3836910717362428,128.0,4.0,2.0,0.5,50.0,128.0,0.001,0.0001,1e-12,,,,,
racketsports,1,wdba_sameclass,success,,0.8656212251404092,0.8974447898202618,0.03182356467985259,1200,10.0,10.0,dtw_barycenter,hard,resnet1d,True,True,tslearn,True,same_class_weighted_dba_anchor_dtw_softmax,0.9705882352941176,17,0,0,7.210348277934827,,,,,,,,,,,,,,,,,,,,,,,,,,,,,,,,,,,,,,,,,,,,,,,,,,,,,,,,,,,,,,,,,,,,,,,,,,,,,,,,,,,,,,,,,,,,,,,,,,,,,,,,,,,,,,,,,,,,,,,,,,,,,,,,,,,,,,,,,,,,,,,,,,,,,,,,,,,,,,,,,,,,,,,,,,,,5.0,5.0,81.66226039613369,,
racketsports,1,dba_sameclass,success,,0.8656212251404092,0.8670838823012736,0.0014626571608644667,1200,10.0,10.0,dtw_barycenter,hard,resnet1d,True,True,tslearn,True,same_class_dba,0.9705882352941176,18,0,0,3.0108539740322158,,,,,,,,,,,,,,,,,,,,,,,,,,,,,,,,,,,,,,,,,,,,,,,,,,,,,,,,,,,,,,,,,,,,,,,,,,,,,,,,,,,,,,,,,,,,,,,,,,,,,,,,,,,,,,,,,,,,,,,,,,,,,,,,,,,,,,,,,,,,,,,,,,,,,,,,,,,,,,,,,,,,,,,,,,,,,,,5.0,5.0
racketsports,2,csta_topk_uniform_top5,success,,0.8588293650793651,0.88329945799458,0.024470092915214847,1200,10.0,10.0,covariance_template,hard,resnet1d,True,False,none,True,uniform_top5_response,1.0,30,0,0,8.240914547001012,uniform_topk,single_anchor,5,,PIA,TELM2,local_margin_safe_step,whitening_coloring,0.0002217384352671,0.0001339461143629,1.1007637278306668,0.1610193100252926,0.0647946890353882,2.169316663145023,0.1,0.1,0.0,0.0,0.0,1200.0,1200.0,10.0,10.0,0.0,2.265079715684917,0.1416666666666666,1.0,1200.0,True,1.0,True,/home/THL/project/MTS-PIA/standalone_projects/ACT_ManifoldBridge/results/csta_latent_residual_flow_pilot3/resnet1d_s123/_csta_runs/csta_topk_uniform_top5/racketsports/s2/candidate_audit/racketsports_s2_csta_topk_uniform_top5_candidate_audit.csv.gz,0.0999999997857916,0.8716770730425757,1.298999181628997,0.8934441938826825,0.4055549877463148,2.06201399732911,0.0999999997857916,0.1000000014901161,1.0,0.1,0.1,0.0647946890353882,0.0,0.0,2.169316663145023,0.0001339461143629,1.298999181628997,0.8934441938826825,0.4055549877463148,2.06201399732911,0.8716770730425757,1.0,0.0999999997857916,0.1000000014901161,2.265079715684917,0.1416666666666666,response_only,topk_uniform_top5,1.0,1.0,0.0,0.0,,0.0,0.0,0.0,0.0,0.0,0.0,,,,,,1.0,1.0,,,,,,0.0,0.0,zpia_top1_pool,core_concat,concat_all,10.0,1.0,topk_uniform_top5,21.0,120.0,False,1.0,1.0,1.0,0.0,0.6409920133104581,0.6446748194233678,0.0161542688599673,,,,0.0,0.0,,,,0.0,,,,,,0.0,2.265079715684917,,,,,,,,,,,,,,,,,,,,,,,,,,,,,,,,,,,,,,,,,,,,,,,,,,,,,,,,,,,
racketsports,2,random_cov_state,success,,0.8588293650793651,0.8722502514351462,0.013420886355781092,1200,10.0,10.0,covariance_state,hard,resnet1d,True,False,none,True,random_unit_z_direction,1.0,30,0,0,3.531268539954908,,,,,,,,,,0.00013395705742745743,,,,,,,,,,,,,,,,,,,,,,,,,,,,,,,,,,,,,,,,,,,,,,,,,,,,,,,,,,,,,,,,,,,,,,,,,,,,,,,,,,,,,,,,,,,,,,,,,,,,,,,,,,,,,,,,,,,,,,,,,,,,,,,,,,,,,,,,,,,,,,,,,,,,,,,,,,,,,,,,,,,,,,
racketsports,2,csta_template_random_within_bank,success,,0.8588293650793651,0.8722141673570837,0.013384802277718544,1200,10.0,10.0,covariance_template,hard,resnet1d,True,False,none,True,csta_bank_random,0.9705882352941176,13,0,0,6.456037995056249,random_within_bank,single_anchor,,,PIA,TELM2,local_margin_safe_step,whitening_coloring,0.0002217657905436,0.0001339512569497,1.1027038015850534,0.1627881077847962,0.0647946890287197,2.169316663145023,0.1,0.1,0.0,0.0,0.0,1200.0,1200.0,10.0,10.0,0.0,2.266056805310132,0.1333333333333333,1.0,1200.0,True,1.0,True,/home/THL/project/MTS-PIA/standalone_projects/ACT_ManifoldBridge/results/csta_latent_residual_flow_pilot3/resnet1d_s123/_csta_runs/csta_template_random_within_bank/racketsports/s2/candidate_audit/racketsports_s2_csta_template_random_within_bank_candidate_audit.csv.gz,0.0999999997746601,0.5943641738982702,1.298999181628997,0.8934441938826825,0.4055549877463148,2.06201399732911,0.0999999997746601,0.1000000014901161,1.0,0.1,0.1,0.0647946890287197,0.0,0.0,2.169316663145023,0.0001339512569497,1.298999181628997,0.8934441938826825,0.4055549877463148,2.06201399732911,0.5943641738982702,1.0,0.0999999997746601,0.1000000014901161,2.266056805310132,0.1333333333333333,response_only,random,1.0,1.0,0.0,0.0,,0.0,0.0,0.0,0.0,0.0,0.0,,,,,,1.0,1.0,,,,,,0.0,0.0,zpia_top1_pool,core_concat,concat_all,10.0,1.0,random,21.0,120.0,False,1.0,1.0,1.0,0.0,0.6409920133104581,0.6446748194233678,0.0161542688599673,,,,0.0,0.0,,,,0.0,,,,,,0.0,2.266056805310132,,,,,,,,,,,,,,,,,,,,,,,,,,,,,,,,,,,,,,,,,,,,,,,,,,,,,,,,,,,
racketsports,2,cs_flow_single_step,success,,0.8588293650793651,0.873285483446695,0.014456118367329851,1200,10.0,10.0,covariance_state_flow,hard,resnet1d,True,False,none,True,cs_flow_single_step,0.9701754385964912,14,0,0,6.7693135240115225,cs_flow_single_step,anchor_conditioned_flow,,,CS-Flow,one_step_flow_matching,local_margin_safe_step,whitening_coloring,0.0002214351707758,0.0001343154203758,1.0937815023390742,0.1512659150716051,0.064794689186512,2.169316663145023,0.1,0.1,0.0,0.0,0.0,1200.0,1200.0,10.0,1.0,0.0,0.0,0.0,1.0,1200.0,True,1.0,True,/home/THL/project/MTS-PIA/standalone_projects/ACT_ManifoldBridge/results/csta_latent_residual_flow_pilot3/resnet1d_s123/_csta_runs/cs_flow_single_step/racketsports/s2/candidate_audit/racketsports_s2_cs_flow_single_step_candidate_audit.csv.gz,0.1,,,,,,,,,0.1,0.1,0.064794689186512,0.0,0.0,2.169316663145023,0.0001343154203758,,,,,,1.0,0.1,0.1000000014280279,,,cs_flow_operator,cs_flow_single_step,1.0,1.0,0.0,0.0,1.0,0.0,0.0,0.0,0.0,0.0,0.0,,,,,,1.0,1.0,,,,,,0.0,0.0,cs_flow_operator,core_concat,concat_all,10.0,,none,,,,,,,,,,,,,,0.0,0.0,2.24259388509326,2.24259388509326,0.3723840476816956,0.0,,,,,,0.0,0.0,cs_flow_operator,cs_flow_single_step,0.0367913618683815,0.4432153403759002,0.3723840476816956,2.2425938850932594,0.8120615539868142,2.2425938850932594,0.8120615539868142,0.0,16.049432647161648,-0.0055196593435913,17.385471757577402,-0.0055196593435913,0.1,1.0,1.0,128.0,4.0,2.0,0.0,5.0,50.0,128.0,0.001,0.0001,,,,,,,,,,,,,,,,,,,,,,,,,,,,,,,,,
racketsports,2,latent_residual_direct,success,,0.8588293650793651,0.8840267095656068,0.02519734448624167,1200,10.0,10.0,covariance_state_latent_residual,hard,resnet1d,True,False,none,True,latent_residual_direct_probe,0.9392857142857144,30,0,0,7.852130466955714,latent_residual_direct,anchor_conditioned_latent_residual,,,Latent Residual Flow,latent_residual_distribution,local_margin_safe_step,whitening_coloring,0.000221879899847,0.0001352141498733,1.09152055552162,0.1466131854210653,0.064794689186512,2.169316663145023,0.1,0.1,0.0,0.0,0.0,1200.0,1200.0,10.0,1.0,0.0,0.0,0.0,1.0,1200.0,True,1.0,True,/home/THL/project/MTS-PIA/standalone_projects/ACT_ManifoldBridge/results/csta_latent_residual_flow_pilot3/resnet1d_s123/_csta_runs/latent_residual_direct/racketsports/s2/candidate_audit/racketsports_s2_latent_residual_direct_candidate_audit.csv.gz,0.1,,,,,,,,,0.1,0.1,0.064794689186512,0.0,0.0,2.169316663145023,0.0001352141498733,,,,,,1.0,0.1,0.1000000014404455,,,latent_residual_flow_operator,latent_residual_direct,1.0,1.0,0.0,0.0,1.0,0.0,0.0,0.0,0.0,0.0,0.0,,,,,,1.0,1.0,,,,,,0.0,0.0,latent_residual_flow_operator,core_concat,concat_all,10.0,,none,,,,,,,,,,,,,,0.0,0.0,,,,0.0,2.998831598396272,0.0427087893105903,2.998831598396272,1.4018123147349433,1.0,0.0,0.0,latent_residual_flow_operator,latent_residual_direct,,,,,,,,,,,,,,,,,,,,,,,,,0.0,0.0,1.0,1.3914333613347598,0.1753266412245018,1.3914333613347598,0.1753266412245018,3.073837042337219,0.9230856385206822,3.252840082172487,3.248257899559215,3.1767298606511707,0.0,15.17127638368821,-0.0003057649846545,0.4686285477548514,0.8416666666666667,8.416666666666666,1.0,0.0,0.0,0.0,0.5,50.0,128.0,0.001,0.0001,1e-12,,,,,
racketsports,2,latent_residual_flow,success,,0.8588293650793651,0.8842654693593661,0.025436104280000982,1200,10.0,10.0,covariance_state_latent_residual,hard,resnet1d,True,False,none,True,latent_residual_sampling,1.0,15,0,0,7.067357573076151,latent_residual_flow,anchor_conditioned_latent_residual,,,Latent Residual Flow,latent_residual_distribution,local_margin_safe_step,whitening_coloring,0.0002218894028619,0.0001342461399531,1.102363426563999,0.1623031683025633,0.064794689186512,2.169316663145023,0.1,0.1,0.0,0.0,0.0,1200.0,1200.0,10.0,1.0,0.0,0.0,0.0,1.0,1200.0,True,1.0,True,/home/THL/project/MTS-PIA/standalone_projects/ACT_ManifoldBridge/results/csta_latent_residual_flow_pilot3/resnet1d_s123/_csta_runs/latent_residual_flow/racketsports/s2/candidate_audit/racketsports_s2_latent_residual_flow_candidate_audit.csv.gz,0.1,,,,,,,,,0.1,0.1,0.064794689186512,0.0,0.0,2.169316663145023,0.0001342461399531,,,,,,1.0,0.1,0.1000000014839073,,,latent_residual_flow_operator,latent_residual_flow,1.0,1.0,0.0,0.0,1.0,0.0,0.0,0.0,0.0,0.0,0.0,,,,,,1.0,1.0,,,,,,0.0,0.0,latent_residual_flow_operator,core_concat,concat_all,10.0,,none,,,,,,,,,,,,,,0.0,0.0,,,,0.0,2.998831598396272,0.0427087893105903,2.998831598396272,0.2811276719103244,0.3689689144574516,0.0,0.0,latent_residual_flow_operator,latent_residual_flow,,,,,,,,,,,,,,,,,,,,,,,,,0.2230288833379745,0.0691065341234207,0.776971161365509,0.2844006419181824,0.1444463431835174,1.3914333613347598,0.1753266412245018,3.073837042337219,0.9230856385206822,3.252840082172487,3.248257899559215,3.1767298606511707,0.0,15.17127638368821,-0.0003057649846545,0.0620869492842325,1.0,10.0,0.3689689144574516,128.0,4.0,2.0,0.5,50.0,128.0,0.001,0.0001,1e-12,,,,,
racketsports,2,wdba_sameclass,success,,0.8588293650793651,0.9091357298910959,0.050306364811730786,1200,10.0,10.0,dtw_barycenter,hard,resnet1d,True,True,tslearn,True,same_class_weighted_dba_anchor_dtw_softmax,0.9701754385964912,30,0,0,8.491806382895447,,,,,,,,,,,,,,,,,,,,,,,,,,,,,,,,,,,,,,,,,,,,,,,,,,,,,,,,,,,,,,,,,,,,,,,,,,,,,,,,,,,,,,,,,,,,,,,,,,,,,,,,,,,,,,,,,,,,,,,,,,,,,,,,,,,,,,,,,,,,,,,,,,,,,,,,,,,,,,,,,,,,,,,,,,,,5.0,5.0,81.44592160844442,,
racketsports,2,dba_sameclass,success,,0.8588293650793651,0.8782127560772347,0.019383390997869565,1200,10.0,10.0,dtw_barycenter,hard,resnet1d,True,True,tslearn,True,same_class_dba,0.9705882352941176,30,0,0,4.2049280889332294,,,,,,,,,,,,,,,,,,,,,,,,,,,,,,,,,,,,,,,,,,,,,,,,,,,,,,,,,,,,,,,,,,,,,,,,,,,,,,,,,,,,,,,,,,,,,,,,,,,,,,,,,,,,,,,,,,,,,,,,,,,,,,,,,,,,,,,,,,,,,,,,,,,,,,,,,,,,,,,,,,,,,,,,,,,,,,,5.0,5.0
racketsports,3,csta_topk_uniform_top5,success,,0.8843719087962982,0.8963906898179199,0.012018781021621683,1200,10.0,10.0,covariance_template,hard,resnet1d,True,False,none,True,uniform_top5_response,0.9409722222222222,22,0,0,7.455611665034667,uniform_topk,single_anchor,5,,PIA,TELM2,local_margin_safe_step,whitening_coloring,0.0002216455538848,0.0001230406010515,1.1001573272450769,0.1558556783236211,0.0655045611427106,2.1508125271014964,0.1,0.1,0.0,0.0,0.0,1200.0,1200.0,10.0,10.0,0.0,2.256838815377447,0.15,1.0,1200.0,True,1.0,True,/home/THL/project/MTS-PIA/standalone_projects/ACT_ManifoldBridge/results/csta_latent_residual_flow_pilot3/resnet1d_s123/_csta_runs/csta_topk_uniform_top5/racketsports/s3/candidate_audit/racketsports_s3_csta_topk_uniform_top5_candidate_audit.csv.gz,0.0999999997042222,0.8740698824598633,1.3414512737107231,0.8938207165898236,0.4476305571209,2.028396218928381,0.0999999997042222,0.1000000014901161,1.0,0.1,0.1,0.0655045611427106,0.0,0.0,2.1508125271014964,0.0001230406010515,1.3414512737107231,0.8938207165898236,0.4476305571209,2.028396218928381,0.8740698824598633,1.0,0.0999999997042222,0.1000000014901161,2.256838815377447,0.15,response_only,topk_uniform_top5,1.0,1.0,0.0,0.0,,0.0,0.0,0.0,0.0,0.0,0.0,,,,,,1.0,1.0,,,,,,0.0,0.0,zpia_top1_pool,core_concat,concat_all,10.0,1.0,topk_uniform_top5,21.0,120.0,False,1.0,1.0,1.0,0.0,0.6390133560120386,0.640681388461378,0.013002536628967,,,,0.0,0.0,,,,0.0,,,,,,0.0,2.256838815377447,,,,,,,,,,,,,,,,,,,,,,,,,,,,,,,,,,,,,,,,,,,,,,,,,,,,,,,,,,,
racketsports,3,random_cov_state,success,,0.8843719087962982,0.8963906898179199,0.012018781021621683,1200,10.0,10.0,covariance_state,hard,resnet1d,True,False,none,True,random_unit_z_direction,0.9105263157894736,30,0,0,3.528169424040243,,,,,,,,,,0.00012303260798695776,,,,,,,,,,,,,,,,,,,,,,,,,,,,,,,,,,,,,,,,,,,,,,,,,,,,,,,,,,,,,,,,,,,,,,,,,,,,,,,,,,,,,,,,,,,,,,,,,,,,,,,,,,,,,,,,,,,,,,,,,,,,,,,,,,,,,,,,,,,,,,,,,,,,,,,,,,,,,,,,,,,,,,
racketsports,3,csta_template_random_within_bank,success,,0.8843719087962982,0.8903960051818404,0.0060240963855421326,1200,10.0,10.0,covariance_template,hard,resnet1d,True,False,none,True,csta_bank_random,0.9409722222222222,14,0,0,6.640523758018389,random_within_bank,single_anchor,,,PIA,TELM2,local_margin_safe_step,whitening_coloring,0.0002217293010515,0.0001230390375442,1.1031196162284682,0.1604335829728763,0.0655045612680928,2.1508125271014964,0.1,0.1,0.0,0.0,0.0,1200.0,1200.0,10.0,10.0,0.0,2.266056805310132,0.1333333333333333,1.0,1200.0,True,1.0,True,/home/THL/project/MTS-PIA/standalone_projects/ACT_ManifoldBridge/results/csta_latent_residual_flow_pilot3/resnet1d_s123/_csta_runs/csta_template_random_within_bank/racketsports/s3/candidate_audit/racketsports_s3_csta_template_random_within_bank_candidate_audit.csv.gz,0.0999999998996909,0.5162463644525269,1.3414512737107231,0.8938207165898236,0.4476305571209,2.028396218928381,0.0999999998996909,0.1000000014901161,1.0,0.1,0.1,0.0655045612680928,0.0,0.0,2.1508125271014964,0.0001230390375442,1.3414512737107231,0.8938207165898236,0.4476305571209,2.028396218928381,0.5162463644525269,1.0,0.0999999998996909,0.1000000014901161,2.266056805310132,0.1333333333333333,response_only,random,1.0,1.0,0.0,0.0,,0.0,0.0,0.0,0.0,0.0,0.0,,,,,,1.0,1.0,,,,,,0.0,0.0,zpia_top1_pool,core_concat,concat_all,10.0,1.0,random,21.0,120.0,False,1.0,1.0,1.0,0.0,0.6390133560120386,0.640681388461378,0.013002536628967,,,,0.0,0.0,,,,0.0,,,,,,0.0,2.266056805310132,,,,,,,,,,,,,,,,,,,,,,,,,,,,,,,,,,,,,,,,,,,,,,,,,,,,,,,,,,,
racketsports,3,cs_flow_single_step,success,,0.8843719087962982,0.8766567388520848,-0.007715169944213396,1200,10.0,10.0,covariance_state_flow,hard,resnet1d,True,False,none,True,cs_flow_single_step,0.9392857142857144,13,0,0,6.83280506299343,cs_flow_single_step,anchor_conditioned_flow,,,CS-Flow,one_step_flow_matching,local_margin_safe_step,whitening_coloring,0.0002218643217666,0.0001238002911754,1.092442869742954,0.1498273480454161,0.0655045613486968,2.150812527101497,0.1,0.1,0.0,0.0,0.0,1200.0,1200.0,10.0,1.0,0.0,0.0,0.0,1.0,1200.0,True,1.0,True,/home/THL/project/MTS-PIA/standalone_projects/ACT_ManifoldBridge/results/csta_latent_residual_flow_pilot3/resnet1d_s123/_csta_runs/cs_flow_single_step/racketsports/s3/candidate_audit/racketsports_s3_cs_flow_single_step_candidate_audit.csv.gz,0.1,,,,,,,,,0.1,0.1,0.0655045613486968,0.0,0.0,2.150812527101497,0.0001238002911754,,,,,,1.0,0.1,0.1000000014280279,,,cs_flow_operator,cs_flow_single_step,1.0,1.0,0.0,0.0,1.0,0.0,0.0,0.0,0.0,0.0,0.0,,,,,,1.0,1.0,,,,,,0.0,0.0,cs_flow_operator,core_concat,concat_all,10.0,,none,,,,,,,,,,,,,,0.0,0.0,2.269489753333876,2.269489753333876,0.4203366428435585,0.0,,,,,,0.0,0.0,cs_flow_operator,cs_flow_single_step,0.0358783416450023,0.4653059840202331,0.4203366428435585,2.2694897533338763,0.8387518720736336,2.2694897533338763,0.8387518720736336,0.0,14.917003331573463,-0.0013580319678413,16.943015278438985,-0.0013580319678413,0.1,1.0,1.0,128.0,4.0,2.0,0.0,5.0,50.0,128.0,0.001,0.0001,,,,,,,,,,,,,,,,,,,,,,,,,,,,,,,,,
racketsports,3,latent_residual_direct,success,,0.8843719087962982,0.8903960051818404,0.0060240963855421326,1200,10.0,10.0,covariance_state_latent_residual,hard,resnet1d,True,False,none,True,latent_residual_direct_probe,0.9105263157894736,30,0,0,8.124676964012906,latent_residual_direct,anchor_conditioned_latent_residual,,,Latent Residual Flow,latent_residual_distribution,local_margin_safe_step,whitening_coloring,0.0002219009991048,0.0001241414942996,1.0911792526991329,0.1464529847804506,0.0655045613486968,2.150812527101497,0.1,0.1,0.0,0.0,0.0,1200.0,1200.0,10.0,1.0,0.0,0.0,0.0,1.0,1200.0,True,1.0,True,/home/THL/project/MTS-PIA/standalone_projects/ACT_ManifoldBridge/results/csta_latent_residual_flow_pilot3/resnet1d_s123/_csta_runs/latent_residual_direct/racketsports/s3/candidate_audit/racketsports_s3_latent_residual_direct_candidate_audit.csv.gz,0.1,,,,,,,,,0.1,0.1,0.0655045613486968,0.0,0.0,2.150812527101497,0.0001241414942996,,,,,,1.0,0.1,0.1000000014528632,,,latent_residual_flow_operator,latent_residual_direct,1.0,1.0,0.0,0.0,1.0,0.0,0.0,0.0,0.0,0.0,0.0,,,,,,1.0,1.0,,,,,,0.0,0.0,latent_residual_flow_operator,core_concat,concat_all,10.0,,none,,,,,,,,,,,,,,0.0,0.0,,,,0.0,2.9257261962205745,0.0445454745246659,2.9257261962205745,1.4133872793060631,1.0,0.0,0.0,latent_residual_flow_operator,latent_residual_direct,,,,,,,,,,,,,,,,,,,,,,,,,0.0,0.0,1.0,1.4048607109309084,0.1383320155307336,1.4048607109309084,0.1383320155307336,2.982258429715446,0.8977688140872554,3.2448201015872864,3.240274726302592,3.1788353211170497,0.0,15.164247497374154,-0.0004079034152142,0.4738669147847565,0.8300000000000001,8.3,1.0,0.0,0.0,0.0,0.5,50.0,128.0,0.001,0.0001,1e-12,,,,,
racketsports,3,latent_residual_flow,success,,0.8843719087962982,0.8910738515216128,0.006701942725314547,1200,10.0,10.0,covariance_state_latent_residual,hard,resnet1d,True,False,none,True,latent_residual_sampling,0.9117647058823528,13,0,0,7.083966561942361,latent_residual_flow,anchor_conditioned_latent_residual,,,Latent Residual Flow,latent_residual_distribution,local_margin_safe_step,whitening_coloring,0.0002221652726306,0.0001233953666308,1.1014753226432008,0.1619135336549657,0.0655045613486968,2.150812527101497,0.1,0.1,0.0,0.0,0.0,1200.0,1200.0,10.0,1.0,0.0,0.0,0.0,1.0,1200.0,True,1.0,True,/home/THL/project/MTS-PIA/standalone_projects/ACT_ManifoldBridge/results/csta_latent_residual_flow_pilot3/resnet1d_s123/_csta_runs/latent_residual_flow/racketsports/s3/candidate_audit/racketsports_s3_latent_residual_flow_candidate_audit.csv.gz,0.1,,,,,,,,,0.1,0.1,0.0655045613486968,0.0,0.0,2.150812527101497,0.0001233953666308,,,,,,1.0,0.1,0.1000000014839073,,,latent_residual_flow_operator,latent_residual_flow,1.0,1.0,0.0,0.0,1.0,0.0,0.0,0.0,0.0,0.0,0.0,,,,,,1.0,1.0,,,,,,0.0,0.0,latent_residual_flow_operator,core_concat,concat_all,10.0,,none,,,,,,,,,,,,,,0.0,0.0,,,,0.0,2.9257261962205745,0.0445454745246659,2.9257261962205745,0.2765477862071226,0.345837753012127,0.0,0.0,latent_residual_flow_operator,latent_residual_flow,,,,,,,,,,,,,,,,,,,,,,,,,0.2457234859466552,0.0707520171999931,0.7542765736579895,0.2792815864086151,0.101215086877346,1.4048607109309084,0.1383320155307336,2.982258429715446,0.8977688140872554,3.2448201015872864,3.240274726302592,3.1788353211170497,0.0,15.164247497374154,-0.0004079034152142,0.0592018194474478,1.0,10.0,0.345837753012127,128.0,4.0,2.0,0.5,50.0,128.0,0.001,0.0001,1e-12,,,,,
racketsports,3,wdba_sameclass,success,,0.8843719087962982,0.883992673992674,-0.0003792348036242288,1200,10.0,10.0,dtw_barycenter,hard,resnet1d,True,True,tslearn,True,same_class_weighted_dba_anchor_dtw_softmax,0.9705882352941176,28,0,0,8.262759919045493,,,,,,,,,,,,,,,,,,,,,,,,,,,,,,,,,,,,,,,,,,,,,,,,,,,,,,,,,,,,,,,,,,,,,,,,,,,,,,,,,,,,,,,,,,,,,,,,,,,,,,,,,,,,,,,,,,,,,,,,,,,,,,,,,,,,,,,,,,,,,,,,,,,,,,,,,,,,,,,,,,,,,,,,,,,,5.0,5.0,80.10948993054942,,
racketsports,3,dba_sameclass,success,,0.8843719087962982,0.8722141673570837,-0.012157741439214553,1200,10.0,10.0,dtw_barycenter,hard,resnet1d,True,True,tslearn,True,same_class_dba,0.9409722222222222,30,0,0,4.227238971972838,,,,,,,,,,,,,,,,,,,,,,,,,,,,,,,,,,,,,,,,,,,,,,,,,,,,,,,,,,,,,,,,,,,,,,,,,,,,,,,,,,,,,,,,,,,,,,,,,,,,,,,,,,,,,,,,,,,,,,,,,,,,,,,,,,,,,,,,,,,,,,,,,,,,,,,,,,,,,,,,,,,,,,,,,,,,,,,5.0,5.0
