dataset,seed,method,status,fail_reason,base_f1,aug_f1,gain,aug_count,aug_ratio,actual_aug_ratio,source_space,label_mode,backbone,train_split_only,uses_external_library,library_name,budget_matched,selection_rule,best_val_f1,stop_epoch,warning_count,fallback_count,method_elapsed_sec,transport_error_logeuc_mean,pca_n_components,pca_explained_variance_ratio_sum,activation_policy,activation_scope,activation_topk,activation_tau,operator_name,dictionary_estimator,safe_generator,bridge_realizer,transport_error_fro_mean,bridge_cond_A_mean,metric_preservation_error_mean,safe_radius_ratio_mean,manifold_margin_mean,gamma_requested_mean,gamma_used_mean,gamma_zero_rate,host_geom_cosine_mean,host_conflict_rate,candidate_total_count,aug_total_count,requested_k_dir,effective_k_dir,safe_clip_rate,template_usage_entropy,top_template_concentration,direction_bank_source,utilization_mode,core_training_mode,aug_train_ratio,multi_template_pairs,template_selection,zpia_z_dim,zpia_n_train,zpia_n_train_lt_z_dim,zpia_row_norm_min,zpia_row_norm_max,zpia_row_norm_mean,zpia_fallback_row_count,telm2_recon_last,telm2_recon_mean,telm2_recon_std,selected_template_entropy
natops,1,no_aug,success,,0.9373000436629222,0.9373000436629222,0.0,0,0.0,0.0,none,hard,resnet1d,True,False,none,True,none,0.972027972027972,18,0,0,0.0,,,,,,,,,,,,,,,,,,,,,,,,,,,,,,,,,,,,,,,,,,,,,
natops,1,random_cov_state,success,,0.9373000436629222,0.9498025636352591,0.012502519972336867,1440,10.0,10.0,covariance_state,hard,resnet1d,True,False,none,True,random_unit_z_direction,0.972027972027972,30,0,0,5.562914662004914,2.911407129727777,,,,,,,,,,,,,,,,,,,,,,,,,,,,,,,,,,,,,,,,,,,,
natops,1,pca_cov_state,success,,0.9373000436629222,0.972152603731551,0.0348525600686288,1440,10.0,10.0,covariance_state,hard,resnet1d,True,False,none,True,pca_top_z_direction,0.972027972027972,28,0,0,5.3668449289980344,2.9117163033934617,10.0,0.7684680223464966,,,,,,,,,,,,,,,,,,,,,,,,,,,,,,,,,,,,,,,,,,
natops,1,csta_topk_uniform_top5,success,,0.9373000436629222,0.966476799110864,0.02917675544794185,1440,10.0,10.0,covariance_template,hard,resnet1d,True,False,none,True,uniform_top5_response,0.972027972027972,30,0,0,10.31885089899879,2.9115049204579395,,,uniform_topk,single_anchor,5.0,,PIA,TELM2,local_margin_safe_step,whitening_coloring,0.0004486332146048,1.4018361419529,0.5480701959539224,0.0361466770758831,5.82076716417455,0.1,0.1,0.0,0.0,0.0,1440.0,1440.0,10.0,10.0,0.0,2.160811559321453,0.1875,zpia_top1_pool,core_concat,concat_all,10.0,1.0,anchor_top_abs_response,300.0,144.0,True,1.0,1.0,1.0,0.0,0.7413955341463061,0.757840911898841,0.0115851800505578,2.160811559321453
natops,2,no_aug,success,,0.9070392331641024,0.9070392331641024,0.0,0,0.0,0.0,none,hard,resnet1d,True,False,none,True,none,1.0,27,0,0,0.0,,,,,,,,,,,,,,,,,,,,,,,,,,,,,,,,,,,,,,,,,,,,,
natops,2,random_cov_state,success,,0.9070392331641024,0.9665552053092653,0.05951597214516291,1440,10.0,10.0,covariance_state,hard,resnet1d,True,False,none,True,random_unit_z_direction,1.0,30,0,0,5.357768479996594,2.914525225864006,,,,,,,,,,,,,,,,,,,,,,,,,,,,,,,,,,,,,,,,,,,,
natops,2,pca_cov_state,success,,0.9070392331641024,0.9265130465331671,0.01947381336906473,1440,10.0,10.0,covariance_state,hard,resnet1d,True,False,none,True,pca_top_z_direction,0.972027972027972,21,0,0,4.432523601979483,2.915079182820941,10.0,0.7687193155288696,,,,,,,,,,,,,,,,,,,,,,,,,,,,,,,,,,,,,,,,,,
natops,2,csta_topk_uniform_top5,success,,0.9070392331641024,0.96107248923737,0.05403325607326759,1440,10.0,10.0,covariance_template,hard,resnet1d,True,False,none,True,uniform_top5_response,1.0,14,0,0,8.262448694003979,2.914843103501098,,,uniform_topk,single_anchor,5.0,,PIA,TELM2,local_margin_safe_step,whitening_coloring,0.0004493863662795,1.4253124776353003,0.5750430026591705,0.0367311613770138,5.7362806886113855,0.1,0.1,0.0,0.0,0.0,1440.0,1440.0,10.0,10.0,0.0,2.1789852033783856,0.1944444444444444,zpia_top1_pool,core_concat,concat_all,10.0,1.0,anchor_top_abs_response,300.0,144.0,True,1.0,1.0,1.0,0.0,0.753430123513149,0.7592133258157752,0.0107950116523461,2.1789852033783856
natops,3,no_aug,success,,0.9205883200225039,0.9205883200225039,0.0,0,0.0,0.0,none,hard,resnet1d,True,False,none,True,none,0.9458874458874459,30,0,0,0.0,,,,,,,,,,,,,,,,,,,,,,,,,,,,,,,,,,,,,,,,,,,,,
natops,3,random_cov_state,success,,0.9205883200225039,0.9442145349933976,0.023626214970893678,1440,10.0,10.0,covariance_state,hard,resnet1d,True,False,none,True,random_unit_z_direction,0.972027972027972,30,0,0,6.413440467993496,2.9214074390603595,,,,,,,,,,,,,,,,,,,,,,,,,,,,,,,,,,,,,,,,,,,,
natops,3,pca_cov_state,success,,0.9205883200225039,0.9551570418780396,0.03456872185553572,1440,10.0,10.0,covariance_state,hard,resnet1d,True,False,none,True,pca_top_z_direction,0.9720279720279721,30,0,0,6.712363678991096,2.921629068202888,10.0,0.7715585231781006,,,,,,,,,,,,,,,,,,,,,,,,,,,,,,,,,,,,,,,,,,
natops,3,csta_topk_uniform_top5,success,,0.920588320022504,0.9550596329553824,0.03447131293287842,1440,10.0,10.0,covariance_template,hard,resnet1d,True,False,none,True,uniform_top5_response,0.972027972027972,30,0,0,12.006132971000625,2.9214561923216844,,,uniform_topk,single_anchor,5.0,,PIA,TELM2,local_margin_safe_step,whitening_coloring,0.0004487496863068,1.405648870062669,0.5563515004368449,0.0374223596814477,5.643837013582447,0.1,0.1,0.0,0.0,0.0,1440.0,1440.0,10.0,10.0,0.0,2.1859164585147184,0.1736111111111111,zpia_top1_pool,core_concat,concat_all,10.0,1.0,anchor_top_abs_response,300.0,144.0,True,1.0,1.0,1.0,0.0,0.7591960365934863,0.7556615765190766,0.0114538393452741,2.1859164585147184
har,1,no_aug,success,,0.9355290262377642,0.9355290262377642,0.0,0,0.0,0.0,none,hard,resnet1d,True,False,none,True,none,0.9729405238012436,30,0,0,0.0,,,,,,,,,,,,,,,,,,,,,,,,,,,,,,,,,,,,,,,,,,,,,
har,1,random_cov_state,success,,0.9355290262377642,0.9472064058572993,0.011677379619535078,58810,10.0,10.0,covariance_state,hard,resnet1d,True,False,none,True,random_unit_z_direction,0.998682355501666,30,0,0,171.8192179960024,2.953258361220731,,,,,,,,,,,,,,,,,,,,,,,,,,,,,,,,,,,,,,,,,,,,
har,1,pca_cov_state,success,,0.9355290262377642,0.9561630600825182,0.02063403384475393,58810,10.0,10.0,covariance_state,hard,resnet1d,True,False,none,True,pca_top_z_direction,0.998682355501666,30,0,0,159.2570127749932,2.9533507388800904,10.0,0.9851602911949158,,,,,,,,,,,,,,,,,,,,,,,,,,,,,,,,,,,,,,,,,,
har,1,csta_topk_uniform_top5,success,,0.9355290262377642,0.954408829973501,0.018879803735736722,58810,10.0,10.0,covariance_template,hard,resnet1d,True,False,none,True,uniform_top5_response,0.9974914653237518,30,0,0,183.72984534600982,2.9533260196828315,,,uniform_topk,single_anchor,5.0,,PIA,TELM2,local_margin_safe_step,whitening_coloring,0.0002712300699489,1.094625961528392,0.1638092161851013,0.2647815154988971,1.22189579344175,0.1,0.0989684813408675,0.0,0.0,0.0,58810.0,58810.0,10.0,10.0,0.0448903247746981,1.9406667737088623,0.1974154055432749,zpia_top1_pool,core_concat,concat_all,10.0,1.0,anchor_top_abs_response,45.0,5881.0,False,0.9999999999999998,1.0,1.0,0.0,0.5481176734634684,0.5453280743081682,0.0172601173069444,1.9406667737088623
har,2,no_aug,success,,0.9342839169233081,0.9342839169233081,0.0,0,0.0,0.0,none,hard,resnet1d,True,False,none,True,none,0.9673146087063372,14,0,0,0.0,,,,,,,,,,,,,,,,,,,,,,,,,,,,,,,,,,,,,,,,,,,,,
har,2,random_cov_state,success,,0.9342839169233081,0.949041425776782,0.014757508853473822,58810,10.0,10.0,covariance_state,hard,resnet1d,True,False,none,True,random_unit_z_direction,0.9981179001142704,30,0,0,158.70392918400466,2.9530229997764317,,,,,,,,,,,,,,,,,,,,,,,,,,,,,,,,,,,,,,,,,,,,
har,2,pca_cov_state,success,,0.9342839169233081,0.9507032156172933,0.016419298693985174,58810,10.0,10.0,covariance_state,hard,resnet1d,True,False,none,True,pca_top_z_direction,0.9987450935990339,30,0,0,159.06145151800592,2.953079810709798,10.0,0.9850813746452332,,,,,,,,,,,,,,,,,,,,,,,,,,,,,,,,,,,,,,,,,,
har,2,csta_topk_uniform_top5,success,,0.934283916923308,0.9376840387196712,0.003400121796363176,58810,10.0,10.0,covariance_template,hard,resnet1d,True,False,none,True,uniform_top5_response,0.998745093599034,30,0,0,173.6605197369936,2.953105748241982,,,uniform_topk,single_anchor,5.0,,PIA,TELM2,local_margin_safe_step,whitening_coloring,0.0002714879966262,1.1046662415676058,0.1793630781921269,0.2642524364574529,1.2225869306683654,0.1,0.0990009497146893,0.0,0.0,0.0,58810.0,58810.0,10.0,10.0,0.0435300119027376,1.9880973075557729,0.1969052882162897,zpia_top1_pool,core_concat,concat_all,10.0,1.0,anchor_top_abs_response,45.0,5881.0,False,1.0,1.0,1.0,0.0,0.5466493036747552,0.5422104958906978,0.0180223546809868,1.9880973075557729
har,3,no_aug,success,,0.9348718872533843,0.9348718872533843,0.0,0,0.0,0.0,none,hard,resnet1d,True,False,none,True,none,0.9648879648879648,30,0,0,0.0,,,,,,,,,,,,,,,,,,,,,,,,,,,,,,,,,,,,,,,,,,,,,
har,3,random_cov_state,success,,0.9348718872533843,0.9550965142242974,0.020224626970913095,58810,10.0,10.0,covariance_state,hard,resnet1d,True,False,none,True,random_unit_z_direction,0.9987450935990339,30,0,0,159.96403524800553,2.9528222891301255,,,,,,,,,,,,,,,,,,,,,,,,,,,,,,,,,,,,,,,,,,,,
har,3,pca_cov_state,success,,0.9348718872533843,0.9511105290291745,0.016238641775790152,58810,10.0,10.0,covariance_state,hard,resnet1d,True,False,none,True,pca_top_z_direction,0.9974908619266595,30,0,0,159.6573854010203,2.952864483691702,10.0,0.9851830005645752,,,,,,,,,,,,,,,,,,,,,,,,,,,,,,,,,,,,,,,,,,
har,3,csta_topk_uniform_top5,success,,0.9348718872533844,0.9571700032883048,0.02229811603492038,58810,10.0,10.0,covariance_template,hard,resnet1d,True,False,none,True,uniform_top5_response,0.9981179001142704,30,0,0,180.8840010429849,2.952853084653794,,,uniform_topk,single_anchor,5.0,,PIA,TELM2,local_margin_safe_step,whitening_coloring,0.0002713254639126,1.1011911868681326,0.1715461117195675,0.2641475675496837,1.2285843936244951,0.1,0.0989869322970433,0.0,0.0,0.0,58810.0,58810.0,10.0,10.0,0.0450603638836932,1.8871287035535085,0.1972453664342799,zpia_top1_pool,core_concat,concat_all,10.0,1.0,anchor_top_abs_response,45.0,5881.0,False,1.0,1.0,1.0,0.0,0.5349628221917697,0.5497570966656141,0.0174591325826717,1.8871287035535085
fingermovements,1,no_aug,success,,0.4591346153846154,0.4591346153846154,0.0,0,0.0,0.0,none,hard,resnet1d,True,False,none,True,none,0.6559139784946236,21,0,0,0.0,,,,,,,,,,,,,,,,,,,,,,,,,,,,,,,,,,,,,,,,,,,,,
fingermovements,1,random_cov_state,success,,0.4591346153846154,0.4797919167667067,0.020657301382091264,2520,10.0,10.0,covariance_state,hard,resnet1d,True,False,none,True,random_unit_z_direction,0.6549019607843137,28,0,0,8.463919461006299,6.712332573998148e-05,,,,,,,,,,,,,,,,,,,,,,,,,,,,,,,,,,,,,,,,,,,,
fingermovements,1,pca_cov_state,success,,0.4591346153846154,0.4967793880837359,0.03764477269912048,2520,10.0,10.0,covariance_state,hard,resnet1d,True,False,none,True,pca_top_z_direction,0.6652552926525529,18,0,0,6.1020676720072515,6.71257101936391e-05,10.0,0.504786491394043,,,,,,,,,,,,,,,,,,,,,,,,,,,,,,,,,,,,,,,,,,
fingermovements,1,csta_topk_uniform_top5,success,,0.4591346153846154,0.50995099509951,0.05081637971489461,2520,10.0,10.0,covariance_template,hard,resnet1d,True,False,none,True,uniform_top5_response,0.703052503052503,18,0,0,10.777014184975997,6.712466509381016e-05,,,uniform_topk,single_anchor,5.0,,PIA,TELM2,local_margin_safe_step,whitening_coloring,0.0004774870121307,1.121580384201447,0.2307912145165966,0.0328551705807582,6.124161271064009,0.0999999999999999,0.0999999999999999,0.0,0.0,0.0,2520.0,2520.0,10.0,10.0,0.0,2.290127913043139,0.1349206349206349,zpia_top1_pool,core_concat,concat_all,10.0,1.0,anchor_top_abs_response,406.0,252.0,True,1.0,1.0,1.0,0.0,0.8307717969504606,0.8345215765367926,0.0104135940713466,2.290127913043139
fingermovements,2,no_aug,success,,0.537037037037037,0.537037037037037,0.0,0,0.0,0.0,none,hard,resnet1d,True,False,none,True,none,0.6528028933092225,20,0,0,0.0,,,,,,,,,,,,,,,,,,,,,,,,,,,,,,,,,,,,,,,,,,,,,
fingermovements,2,random_cov_state,success,,0.537037037037037,0.5398159263705482,0.0027788893335112252,2520,10.0,10.0,covariance_state,hard,resnet1d,True,False,none,True,random_unit_z_direction,0.6398336187912894,18,0,0,6.0456698490306735,6.760469643618295e-05,,,,,,,,,,,,,,,,,,,,,,,,,,,,,,,,,,,,,,,,,,,,
fingermovements,2,pca_cov_state,success,,0.537037037037037,0.5151515151515151,-0.02188552188552184,2520,10.0,10.0,covariance_state,hard,resnet1d,True,False,none,True,pca_top_z_direction,0.6,12,0,0,4.916438269021455,6.760535009940372e-05,10.0,0.50169837474823,,,,,,,,,,,,,,,,,,,,,,,,,,,,,,,,,,,,,,,,,,
fingermovements,2,csta_topk_uniform_top5,success,,0.537037037037037,0.5488721804511278,0.011835143414090865,2520,10.0,10.0,covariance_template,hard,resnet1d,True,False,none,True,uniform_top5_response,0.6362737830491723,14,0,0,10.009278130019084,6.760694654469687e-05,,,uniform_topk,single_anchor,5.0,,PIA,TELM2,local_margin_safe_step,whitening_coloring,0.000477428563021,1.1147028406435011,0.2250590930313518,0.0330622051043709,6.096115785606503,0.0999999999999999,0.0999999999999999,0.0,0.0,0.0,2520.0,2520.0,10.0,10.0,0.0,2.282203754129056,0.1349206349206349,zpia_top1_pool,core_concat,concat_all,10.0,1.0,anchor_top_abs_response,406.0,252.0,True,1.0,1.0,1.0,0.0,0.8280564214850201,0.8333900926600747,0.010143714481585,2.282203754129056
fingermovements,3,no_aug,success,,0.4456893501592169,0.4456893501592169,0.0,0,0.0,0.0,none,hard,resnet1d,True,False,none,True,none,0.5972640218878249,17,0,0,0.0,,,,,,,,,,,,,,,,,,,,,,,,,,,,,,,,,,,,,,,,,,,,,
fingermovements,3,random_cov_state,success,,0.4456893501592169,0.5073891625615763,0.06169981240235939,2520,10.0,10.0,covariance_state,hard,resnet1d,True,False,none,True,random_unit_z_direction,0.6235294117647059,20,0,0,6.498819879023358,6.661911466526553e-05,,,,,,,,,,,,,,,,,,,,,,,,,,,,,,,,,,,,,,,,,,,,
fingermovements,3,pca_cov_state,success,,0.4456893501592169,0.54,0.09431064984078313,2520,10.0,10.0,covariance_state,hard,resnet1d,True,False,none,True,pca_top_z_direction,0.6711524345485687,29,0,0,8.136651643028017,6.662330017390466e-05,10.0,0.49859732389450073,,,,,,,,,,,,,,,,,,,,,,,,,,,,,,,,,,,,,,,,,,
fingermovements,3,csta_topk_uniform_top5,success,,0.4456893501592169,0.5279146141215106,0.08222526396229374,2520,10.0,10.0,covariance_template,hard,resnet1d,True,False,none,True,uniform_top5_response,0.6384180790960452,15,0,0,10.852253059973009,6.662167863819121e-05,,,uniform_topk,single_anchor,5.0,,PIA,TELM2,local_margin_safe_step,whitening_coloring,0.0004774749077009,1.1181037495844035,0.2295680618222106,0.0331969512322407,6.067835755862029,0.0999999999999999,0.0999999999999999,0.0,0.0,0.0,2520.0,2520.0,10.0,10.0,0.0,2.2874393334617307,0.1309523809523809,zpia_top1_pool,core_concat,concat_all,10.0,1.0,anchor_top_abs_response,406.0,252.0,True,1.0,1.0,1.0,0.0,0.8289623674063726,0.8348720595880204,0.0114670872167643,2.2874393334617307
basicmotions,1,no_aug,success,,1.0,1.0,0.0,0,0.0,0.0,none,hard,resnet1d,True,False,none,True,none,1.0,30,0,0,0.0,,,,,,,,,,,,,,,,,,,,,,,,,,,,,,,,,,,,,,,,,,,,,
basicmotions,1,random_cov_state,success,,1.0,1.0,0.0,320,10.0,10.0,covariance_state,hard,resnet1d,True,False,none,True,random_unit_z_direction,1.0,30,0,0,1.1564804909867235,0.0074710908403013395,,,,,,,,,,,,,,,,,,,,,,,,,,,,,,,,,,,,,,,,,,,,
basicmotions,1,pca_cov_state,success,,1.0,1.0,0.0,320,10.0,10.0,covariance_state,hard,resnet1d,True,False,none,True,pca_top_z_direction,1.0,30,0,0,1.136906503001228,0.007465070443397543,10.0,0.9967995882034302,,,,,,,,,,,,,,,,,,,,,,,,,,,,,,,,,,,,,,,,,,
basicmotions,1,csta_topk_uniform_top5,success,,1.0,1.0,0.0,320,10.0,10.0,covariance_template,hard,resnet1d,True,False,none,True,uniform_top5_response,1.0,30,0,0,5.64638562098844,0.0074618910881247,,,uniform_topk,single_anchor,5.0,,PIA,TELM2,local_margin_safe_step,whitening_coloring,0.0002221141606852,1.116787344030762,0.1826578524364944,0.0481379175392087,4.41428878572931,0.0999999999999999,0.0999999999999999,0.0,0.0,0.0,320.0,320.0,10.0,10.0,0.0,2.03094656148457,0.1875,zpia_top1_pool,core_concat,concat_all,10.0,1.0,anchor_top_abs_response,21.0,32.0,False,1.0,1.0,1.0,0.0,0.540196047608251,0.4930399356430594,0.0372474138818418,2.03094656148457
basicmotions,2,no_aug,success,,1.0,1.0,0.0,0,0.0,0.0,none,hard,resnet1d,True,False,none,True,none,1.0,30,0,0,0.0,,,,,,,,,,,,,,,,,,,,,,,,,,,,,,,,,,,,,,,,,,,,,
basicmotions,2,random_cov_state,success,,1.0,1.0,0.0,320,10.0,10.0,covariance_state,hard,resnet1d,True,False,none,True,random_unit_z_direction,1.0,30,0,0,1.1376145099638961,0.00877480145726176,,,,,,,,,,,,,,,,,,,,,,,,,,,,,,,,,,,,,,,,,,,,
basicmotions,2,pca_cov_state,success,,1.0,1.0,0.0,320,10.0,10.0,covariance_state,hard,resnet1d,True,False,none,True,pca_top_z_direction,1.0,30,0,0,1.138494457991328,0.00877498056670722,10.0,0.9967847466468811,,,,,,,,,,,,,,,,,,,,,,,,,,,,,,,,,,,,,,,,,,
basicmotions,2,csta_topk_uniform_top5,success,,1.0,1.0,0.0,320,10.0,10.0,covariance_template,hard,resnet1d,True,False,none,True,uniform_top5_response,1.0,30,0,0,5.6599530130042695,0.0087732848109693,,,uniform_topk,single_anchor,5.0,,PIA,TELM2,local_margin_safe_step,whitening_coloring,0.0002221720475221,1.1211222826849614,0.1856068106313389,0.0473662530567456,4.578642753667057,0.0999999999999999,0.0999999999999999,0.0,0.0,0.0,320.0,320.0,10.0,10.0,0.0,2.000000443988584,0.21875,zpia_top1_pool,core_concat,concat_all,10.0,1.0,anchor_top_abs_response,21.0,32.0,False,1.0,1.0,1.0,0.0,0.4907254762851415,0.5039172359153512,0.0312698157323367,2.000000443988584
basicmotions,3,no_aug,success,,1.0,1.0,0.0,0,0.0,0.0,none,hard,resnet1d,True,False,none,True,none,1.0,30,0,0,0.0,,,,,,,,,,,,,,,,,,,,,,,,,,,,,,,,,,,,,,,,,,,,,
basicmotions,3,random_cov_state,success,,1.0,1.0,0.0,320,10.0,10.0,covariance_state,hard,resnet1d,True,False,none,True,random_unit_z_direction,1.0,30,0,0,1.1351381739950739,0.008457595882849497,,,,,,,,,,,,,,,,,,,,,,,,,,,,,,,,,,,,,,,,,,,,
basicmotions,3,pca_cov_state,success,,1.0,1.0,0.0,320,10.0,10.0,covariance_state,hard,resnet1d,True,False,none,True,pca_top_z_direction,1.0,30,0,0,1.1374020850053057,0.008452309042818167,10.0,0.9971162676811218,,,,,,,,,,,,,,,,,,,,,,,,,,,,,,,,,,,,,,,,,,
basicmotions,3,csta_topk_uniform_top5,success,,1.0,1.0,0.0,320,10.0,10.0,covariance_template,hard,resnet1d,True,False,none,True,uniform_top5_response,1.0,30,0,0,5.630679321009666,0.0084524622088497,,,uniform_topk,single_anchor,5.0,,PIA,TELM2,local_margin_safe_step,whitening_coloring,0.000222193898824,1.116300609878582,0.1854180090841444,0.0477670958060345,4.503179782069605,0.0999999999999999,0.0999999999999999,0.0,0.0,0.0,320.0,320.0,10.0,10.0,0.0,1.9633773726064403,0.28125,zpia_top1_pool,core_concat,concat_all,10.0,1.0,anchor_top_abs_response,21.0,32.0,False,1.0,1.0,1.0,0.0,0.4695773482298053,0.4813339310702889,0.0336585279639948,1.9633773726064403
handmovementdirection,1,no_aug,success,,0.23844289670902574,0.23844289670902574,0.0,0,0.0,0.0,none,hard,resnet1d,True,False,none,True,none,0.5395413410119293,21,0,0,0.0,,,,,,,,,,,,,,,,,,,,,,,,,,,,,,,,,,,,,,,,,,,,,
handmovementdirection,1,random_cov_state,success,,0.23844289670902574,0.2978106676959372,0.05936777098691148,1280,10.0,10.0,covariance_state,hard,resnet1d,True,False,none,True,random_unit_z_direction,0.3897530165912519,20,0,0,3.8755937349633314,1.1122564932851676e-07,,,,,,,,,,,,,,,,,,,,,,,,,,,,,,,,,,,,,,,,,,,,
handmovementdirection,1,pca_cov_state,success,,0.23844289670902574,0.3510470507753117,0.11260415406628593,1280,10.0,10.0,covariance_state,hard,resnet1d,True,False,none,True,pca_top_z_direction,0.3720588235294117,13,0,0,2.788645039021503,1.1122576163040905e-07,10.0,0.614203155040741,,,,,,,,,,,,,,,,,,,,,,,,,,,,,,,,,,,,,,,,,,
handmovementdirection,1,csta_topk_uniform_top5,success,,0.2384428967090257,0.3083036244800951,0.06986072777106939,1280,10.0,10.0,covariance_template,hard,resnet1d,True,False,none,True,uniform_top5_response,0.4155448717948717,30,0,0,10.944231665984262,1.112277880871225e-07,,,uniform_topk,single_anchor,5.0,,PIA,TELM2,local_margin_safe_step,whitening_coloring,0.0002854442248617,1.085677228616594,0.1482627789120797,0.206734955342357,0.9899009169526736,0.0999999999999999,0.0999999999999999,0.0,0.0,0.0,1280.0,1280.0,10.0,10.0,0.0,2.266119242263424,0.1484375,zpia_top1_pool,core_concat,concat_all,10.0,1.0,anchor_top_abs_response,55.0,128.0,False,1.0,1.0,1.0,0.0,0.7521657954824004,0.7547584640415349,0.0132217261575631,2.266119242263424
handmovementdirection,2,no_aug,success,,0.2030680813439434,0.2030680813439434,0.0,0,0.0,0.0,none,hard,resnet1d,True,False,none,True,none,0.3214285714285714,17,0,0,0.0,,,,,,,,,,,,,,,,,,,,,,,,,,,,,,,,,,,,,,,,,,,,,
handmovementdirection,2,random_cov_state,success,,0.2030680813439434,0.24690934065934064,0.04384125931539723,1280,10.0,10.0,covariance_state,hard,resnet1d,True,False,none,True,random_unit_z_direction,0.38832833832833835,22,0,0,4.212679866992403,1.1118641264596458e-07,,,,,,,,,,,,,,,,,,,,,,,,,,,,,,,,,,,,,,,,,,,,
handmovementdirection,2,pca_cov_state,success,,0.2030680813439434,0.2567315286065286,0.05366344726258518,1280,10.0,10.0,covariance_state,hard,resnet1d,True,False,none,True,pca_top_z_direction,0.4083333333333333,14,0,0,2.94417054601945,1.1119543866528438e-07,10.0,0.6061246395111084,,,,,,,,,,,,,,,,,,,,,,,,,,,,,,,,,,,,,,,,,,
handmovementdirection,2,csta_topk_uniform_top5,success,,0.2030680813439434,0.2571428571428571,0.054074775798913705,1280,10.0,10.0,covariance_template,hard,resnet1d,True,False,none,True,uniform_top5_response,0.3803223219699192,14,0,0,7.8778562520165,1.1119469691529677e-07,,,uniform_topk,single_anchor,5.0,,PIA,TELM2,local_margin_safe_step,whitening_coloring,0.0002854424445032,1.08722003728433,0.1484695270658685,0.207619713412464,0.987985101412486,0.0999999999999999,0.0999999999999999,0.0,0.0,0.0,1280.0,1280.0,10.0,10.0,0.0,2.234776852244379,0.1484375,zpia_top1_pool,core_concat,concat_all,10.0,1.0,anchor_top_abs_response,55.0,128.0,False,1.0,1.0,1.0,0.0,0.7594804272123965,0.761819704350053,0.0119107333957204,2.234776852244379
handmovementdirection,3,no_aug,success,,0.18756284565108094,0.18756284565108094,0.0,0,0.0,0.0,none,hard,resnet1d,True,False,none,True,none,0.3456896551724138,15,0,0,0.0,,,,,,,,,,,,,,,,,,,,,,,,,,,,,,,,,,,,,,,,,,,,,
handmovementdirection,3,random_cov_state,success,,0.18756284565108094,0.326324469181612,0.13876162353053106,1280,10.0,10.0,covariance_state,hard,resnet1d,True,False,none,True,random_unit_z_direction,0.28360423116615063,25,0,0,4.674397437018342,1.1147033529183393e-07,,,,,,,,,,,,,,,,,,,,,,,,,,,,,,,,,,,,,,,,,,,,
handmovementdirection,3,pca_cov_state,success,,0.18756284565108094,0.28519219209962543,0.09762934644854449,1280,10.0,10.0,covariance_state,hard,resnet1d,True,False,none,True,pca_top_z_direction,0.29848660111818004,21,0,0,4.048416906967759,1.1148696691926239e-07,10.0,0.6058002710342407,,,,,,,,,,,,,,,,,,,,,,,,,,,,,,,,,,,,,,,,,,
handmovementdirection,3,csta_topk_uniform_top5,success,,0.1875628456510809,0.2517330397071109,0.06417019405603003,1280,10.0,10.0,covariance_template,hard,resnet1d,True,False,none,True,uniform_top5_response,0.3067129629629629,11,0,0,7.778094360954128,1.1148453432471835e-07,,,uniform_topk,single_anchor,5.0,,PIA,TELM2,local_margin_safe_step,whitening_coloring,0.0002854503160212,1.0888331284697337,0.1489442510277098,0.2037342306458417,1.0034452843727364,0.0999999999999999,0.0999999999999999,0.0,0.0,0.0,1280.0,1280.0,10.0,10.0,0.0,2.2732306928336934,0.140625,zpia_top1_pool,core_concat,concat_all,10.0,1.0,anchor_top_abs_response,55.0,128.0,False,1.0,1.0,1.0,0.0,0.7623051847260964,0.7644649575641655,0.0116461000250424,2.2732306928336934
uwavegesturelibrary,1,no_aug,success,,0.7495563358211801,0.7495563358211801,0.0,0,0.0,0.0,none,hard,resnet1d,True,False,none,True,none,0.9142857142857144,30,0,0,0.0,,,,,,,,,,,,,,,,,,,,,,,,,,,,,,,,,,,,,,,,,,,,,
uwavegesturelibrary,1,random_cov_state,success,,0.7495563358211801,0.8289905918678611,0.07943425604668097,960,10.0,10.0,covariance_state,hard,resnet1d,True,False,none,True,random_unit_z_direction,0.9571428571428571,25,0,0,3.0811226430232637,0.0016618132985408408,,,,,,,,,,,,,,,,,,,,,,,,,,,,,,,,,,,,,,,,,,,,
uwavegesturelibrary,1,pca_cov_state,success,,0.7495563358211801,0.8174768528732801,0.0679205170521,960,10.0,10.0,covariance_state,hard,resnet1d,True,False,none,True,pca_top_z_direction,0.9571428571428571,20,0,0,2.563279307971243,0.0016658113191644884,6.0,1.0,,,,,,,,,,,,,,,,,,,,,,,,,,,,,,,,,,,,,,,,,,
uwavegesturelibrary,1,csta_topk_uniform_top5,success,,0.7495563358211801,0.8015134907501777,0.05195715492899766,960,10.0,10.0,covariance_template,hard,resnet1d,True,False,none,True,uniform_top5_response,0.9571428571428572,14,0,0,6.6621193289756775,0.0016660214665583,,,uniform_topk,single_anchor,5.0,,PIA,TELM2,local_margin_safe_step,whitening_coloring,0.0001571147427519,1.0894809574620177,0.1287803013191728,0.5459367393060585,0.5399915419819015,0.1,0.0923878290267972,0.0,0.0,0.0,960.0,960.0,10.0,10.0,0.1979166666666666,2.1958376561079618,0.1458333333333333,zpia_top1_pool,core_concat,concat_all,10.0,1.0,anchor_top_abs_response,6.0,96.0,False,1.0,1.0,1.0,0.0,0.5357482293471013,0.6307315884286868,0.0310722348569497,2.1958376561079618
uwavegesturelibrary,2,no_aug,success,,0.7165712186127566,0.7165712186127566,0.0,0,0.0,0.0,none,hard,resnet1d,True,False,none,True,none,0.9017857142857143,30,0,0,0.0,,,,,,,,,,,,,,,,,,,,,,,,,,,,,,,,,,,,,,,,,,,,,
uwavegesturelibrary,2,random_cov_state,success,,0.7165712186127566,0.8301471095689215,0.11357589095616483,960,10.0,10.0,covariance_state,hard,resnet1d,True,False,none,True,random_unit_z_direction,0.9017857142857143,28,0,0,3.4206847999594174,0.001711391519315895,,,,,,,,,,,,,,,,,,,,,,,,,,,,,,,,,,,,,,,,,,,,
uwavegesturelibrary,2,pca_cov_state,success,,0.7165712186127566,0.8113706145253297,0.09479939591257303,960,10.0,10.0,covariance_state,hard,resnet1d,True,False,none,True,pca_top_z_direction,0.9142857142857144,24,0,0,2.995857094996609,0.0017071950326955473,6.0,1.0,,,,,,,,,,,,,,,,,,,,,,,,,,,,,,,,,,,,,,,,,,
uwavegesturelibrary,2,csta_topk_uniform_top5,success,,0.7165712186127566,0.7929296859739726,0.07635846736121599,960,10.0,10.0,covariance_template,hard,resnet1d,True,False,none,True,uniform_top5_response,0.9017857142857144,30,0,0,8.565315515967086,0.0017084284943604,,,uniform_topk,single_anchor,5.0,,PIA,TELM2,local_margin_safe_step,whitening_coloring,0.0001570424331586,1.0839721628823755,0.1263623495277159,0.5577921224641383,0.5247056002453537,0.1,0.0924475140524825,0.0,0.0,0.0,960.0,960.0,10.0,10.0,0.2083333333333333,2.2182004537495024,0.1979166666666666,zpia_top1_pool,core_concat,concat_all,10.0,1.0,anchor_top_abs_response,6.0,96.0,False,0.9999999999999998,1.0,1.0,0.0,0.5818917124137668,0.608124924880331,0.0229216565384146,2.2182004537495024
uwavegesturelibrary,3,no_aug,success,,0.6619287350644507,0.6619287350644507,0.0,0,0.0,0.0,none,hard,resnet1d,True,False,none,True,none,0.9166666666666666,30,0,0,0.0,,,,,,,,,,,,,,,,,,,,,,,,,,,,,,,,,,,,,,,,,,,,,
uwavegesturelibrary,3,random_cov_state,success,,0.6619287350644507,0.7973491426505493,0.13542040758609863,960,10.0,10.0,covariance_state,hard,resnet1d,True,False,none,True,random_unit_z_direction,0.9017857142857143,21,0,0,2.6690976269892417,0.0018437266673245875,,,,,,,,,,,,,,,,,,,,,,,,,,,,,,,,,,,,,,,,,,,,
uwavegesturelibrary,3,pca_cov_state,success,,0.6619287350644507,0.7853198859373558,0.12339115087290509,960,10.0,10.0,covariance_state,hard,resnet1d,True,False,none,True,pca_top_z_direction,0.8726190476190476,15,0,0,2.0341836780426092,0.001843234525505531,6.0,0.9999998807907104,,,,,,,,,,,,,,,,,,,,,,,,,,,,,,,,,,,,,,,,,,
uwavegesturelibrary,3,csta_topk_uniform_top5,success,,0.6619287350644507,0.8151275104833524,0.1531987754189017,960,10.0,10.0,covariance_template,hard,resnet1d,True,False,none,True,uniform_top5_response,0.8226190476190476,29,0,0,8.29056827898603,0.0018428703384146,,,uniform_topk,single_anchor,5.0,,PIA,TELM2,local_margin_safe_step,whitening_coloring,0.0001569957876162,1.0814317715448387,0.1253587288242975,0.54291726790909,0.5476265932355455,0.1,0.0916719178261366,0.0,0.0,0.0,960.0,960.0,10.0,10.0,0.1979166666666666,2.133337789291664,0.1666666666666666,zpia_top1_pool,core_concat,concat_all,10.0,1.0,anchor_top_abs_response,6.0,96.0,False,1.0,1.0,1.0,0.0,0.5690809232705555,0.600157263450295,0.0347544572295298,2.133337789291664
epilepsy,1,no_aug,success,,0.9717806041335453,0.9717806041335453,0.0,0,0.0,0.0,none,hard,resnet1d,True,False,none,True,none,1.0,21,0,0,0.0,,,,,,,,,,,,,,,,,,,,,,,,,,,,,,,,,,,,,,,,,,,,,
epilepsy,1,random_cov_state,success,,0.9717806041335453,0.9709217843885813,-0.0008588197449639345,1090,10.0,10.0,covariance_state,hard,resnet1d,True,False,none,True,random_unit_z_direction,1.0,30,0,0,3.202285453036893,0.004106137398567227,,,,,,,,,,,,,,,,,,,,,,,,,,,,,,,,,,,,,,,,,,,,
epilepsy,1,pca_cov_state,success,,0.9717806041335453,0.978856462179869,0.007075858046323713,1090,10.0,10.0,covariance_state,hard,resnet1d,True,False,none,True,pca_top_z_direction,1.0,30,0,0,3.180065641005058,0.004103671796340516,6.0,1.0,,,,,,,,,,,,,,,,,,,,,,,,,,,,,,,,,,,,,,,,,,
epilepsy,1,csta_topk_uniform_top5,success,,0.9717806041335452,0.9717806041335452,0.0,1090,10.0,10.0,covariance_template,hard,resnet1d,True,False,none,True,uniform_top5_response,1.0,30,0,0,7.872467973968014,0.00410352161147,,,uniform_topk,single_anchor,5.0,,PIA,TELM2,local_margin_safe_step,whitening_coloring,0.0001569549510538,1.081104962994481,0.1287839992411313,0.1522503672524764,1.4579571049010949,0.0999999999999999,0.0999999999999999,0.0,0.0,0.0,1090.0,1090.0,10.0,10.0,0.0,2.177930938785269,0.1926605504587156,zpia_top1_pool,core_concat,concat_all,10.0,1.0,anchor_top_abs_response,6.0,109.0,False,1.0,1.0,1.0,0.0,0.3911798363993395,0.3353275993696665,0.0262335940754174,2.177930938785269
epilepsy,2,no_aug,success,,0.9709217843885813,0.9709217843885813,0.0,0,0.0,0.0,none,hard,resnet1d,True,False,none,True,none,1.0,30,0,0,0.0,,,,,,,,,,,,,,,,,,,,,,,,,,,,,,,,,,,,,,,,,,,,,
epilepsy,2,random_cov_state,success,,0.9709217843885813,0.9779508527367593,0.007029068348177958,1090,10.0,10.0,covariance_state,hard,resnet1d,True,False,none,True,random_unit_z_direction,1.0,30,0,0,3.182278298016172,0.0037003697741202876,,,,,,,,,,,,,,,,,,,,,,,,,,,,,,,,,,,,,,,,,,,,
epilepsy,2,pca_cov_state,success,,0.9709217843885813,0.9788059701492537,0.007884185760672402,1090,10.0,10.0,covariance_state,hard,resnet1d,True,False,none,True,pca_top_z_direction,1.0,30,0,0,3.1764561739983037,0.0037001433762186785,6.0,1.0000001192092896,,,,,,,,,,,,,,,,,,,,,,,,,,,,,,,,,,,,,,,,,,
epilepsy,2,csta_topk_uniform_top5,success,,0.9709217843885812,0.9717806041335452,0.0008588197449639345,1090,10.0,10.0,covariance_template,hard,resnet1d,True,False,none,True,uniform_top5_response,1.0,30,0,0,8.542326224967837,0.003699872427607,,,uniform_topk,single_anchor,5.0,,PIA,TELM2,local_margin_safe_step,whitening_coloring,0.0001569906487136,1.084426246460199,0.128748864029355,0.1553881124694886,1.4371339363815483,0.0999999999999999,0.0999999999999999,0.0,0.0,0.0,1090.0,1090.0,10.0,10.0,0.0,2.1131560153282294,0.1743119266055046,zpia_top1_pool,core_concat,concat_all,10.0,1.0,anchor_top_abs_response,6.0,109.0,False,1.0,1.0,1.0,0.0,0.3019139733421603,0.2988300504330786,0.0210205566940965,2.1131560153282294
epilepsy,3,no_aug,success,,0.9326363277133825,0.9326363277133825,0.0,0,0.0,0.0,none,hard,resnet1d,True,False,none,True,none,1.0,30,0,0,0.0,,,,,,,,,,,,,,,,,,,,,,,,,,,,,,,,,,,,,,,,,,,,,
epilepsy,3,random_cov_state,success,,0.9326363277133825,0.9630047948503175,0.030368467136935084,1090,10.0,10.0,covariance_state,hard,resnet1d,True,False,none,True,random_unit_z_direction,1.0,30,0,0,3.1944818240008317,0.0038749078115635385,,,,,,,,,,,,,,,,,,,,,,,,,,,,,,,,,,,,,,,,,,,,
epilepsy,3,pca_cov_state,success,,0.9326363277133825,0.9426823234488901,0.010045995735507685,1090,10.0,10.0,covariance_state,hard,resnet1d,True,False,none,True,pca_top_z_direction,1.0,30,0,0,3.184119315992575,0.0038781136788784733,6.0,1.0,,,,,,,,,,,,,,,,,,,,,,,,,,,,,,,,,,,,,,,,,,
epilepsy,3,csta_topk_uniform_top5,success,,0.9326363277133825,0.9709217843885812,0.03828545667519878,1090,10.0,10.0,covariance_template,hard,resnet1d,True,False,none,True,uniform_top5_response,1.0,30,0,0,8.458361894008704,0.0038771124489128,,,uniform_topk,single_anchor,5.0,,PIA,TELM2,local_margin_safe_step,whitening_coloring,0.0001570622828072,1.0896154484475762,0.1344422776121588,0.1575637844555269,1.3987721618078757,0.0999999999999999,0.0999999999999999,0.0,0.0,0.0,1090.0,1090.0,10.0,10.0,0.0,2.175306167996584,0.1834862385321101,zpia_top1_pool,core_concat,concat_all,10.0,1.0,anchor_top_abs_response,6.0,109.0,False,1.0,1.0,1.0,0.0,0.3729633880241157,0.3331185640960838,0.0240105372669049,2.175306167996584
atrialfibrillation,1,no_aug,success,,0.21645021645021645,0.21645021645021645,0.0,0,0.0,0.0,none,hard,resnet1d,True,False,none,True,none,0.5555555555555555,30,0,0,0.0,,,,,,,,,,,,,,,,,,,,,,,,,,,,,,,,,,,,,,,,,,,,,
atrialfibrillation,1,random_cov_state,success,,0.21645021645021645,0.05555555555555555,-0.1608946608946609,120,10.0,10.0,covariance_state,hard,resnet1d,True,False,none,True,random_unit_z_direction,0.5555555555555555,30,0,0,0.9472683100029826,0.027045971519681054,,,,,,,,,,,,,,,,,,,,,,,,,,,,,,,,,,,,,,,,,,,,
atrialfibrillation,1,pca_cov_state,success,,0.21645021645021645,0.13095238095238096,-0.08549783549783549,120,10.0,10.0,covariance_state,hard,resnet1d,True,False,none,True,pca_top_z_direction,1.0,30,0,0,0.9025194309651852,0.02706491994421622,3.0,0.9999999403953552,,,,,,,,,,,,,,,,,,,,,,,,,,,,,,,,,,,,,,,,,,
atrialfibrillation,1,csta_topk_uniform_top5,success,,0.2164502164502164,0.2666666666666666,0.050216450216450215,120,10.0,10.0,covariance_template,hard,resnet1d,True,False,none,True,uniform_top5_response,0.5555555555555555,19,0,0,4.986709035001695,0.0270561520931879,,,uniform_topk,single_anchor,5.0,,PIA,TELM2,local_margin_safe_step,whitening_coloring,0.0001282294500337,1.0722887506504823,0.1087524052987783,0.2722070968286711,1.0436398830928968,0.1,0.1,0.0,0.0,0.0,120.0,120.0,10.0,10.0,0.0,1.6326309271483517,0.3333333333333333,zpia_top1_pool,core_concat,concat_all,10.0,1.0,anchor_top_abs_response,3.0,12.0,False,1.0,1.0,1.0,0.0,0.2550371083690743,0.2867997950590593,0.0662662563935412,1.6326309271483517
atrialfibrillation,2,no_aug,success,,0.32051282051282054,0.32051282051282054,0.0,0,0.0,0.0,none,hard,resnet1d,True,False,none,True,none,0.5555555555555555,28,0,0,0.0,,,,,,,,,,,,,,,,,,,,,,,,,,,,,,,,,,,,,,,,,,,,,
atrialfibrillation,2,random_cov_state,success,,0.32051282051282054,0.26111111111111107,-0.05940170940170947,120,10.0,10.0,covariance_state,hard,resnet1d,True,False,none,True,random_unit_z_direction,1.0,30,0,0,0.908704289002344,0.033143701393542876,,,,,,,,,,,,,,,,,,,,,,,,,,,,,,,,,,,,,,,,,,,,
atrialfibrillation,2,pca_cov_state,success,,0.32051282051282054,0.1623931623931624,-0.15811965811965814,120,10.0,10.0,covariance_state,hard,resnet1d,True,False,none,True,pca_top_z_direction,0.5555555555555555,26,0,0,0.7825034980196506,0.03315530354971116,3.0,1.0,,,,,,,,,,,,,,,,,,,,,,,,,,,,,,,,,,,,,,,,,,
atrialfibrillation,2,csta_topk_uniform_top5,success,,0.3205128205128205,0.1666666666666666,-0.15384615384615388,120,10.0,10.0,covariance_template,hard,resnet1d,True,False,none,True,uniform_top5_response,0.5555555555555555,30,0,0,5.349451829970349,0.0332052420473859,,,uniform_topk,single_anchor,5.0,,PIA,TELM2,local_margin_safe_step,whitening_coloring,0.0001281129918173,1.0520823055770174,0.1128198144153842,0.2631824897001497,1.033774431547862,0.1,0.1,0.0,0.0,0.0,120.0,120.0,10.0,10.0,0.0,1.7917594692210548,0.3333333333333333,zpia_top1_pool,core_concat,concat_all,10.0,1.0,anchor_top_abs_response,3.0,12.0,False,1.0,1.0,1.0,0.0,0.3592279026832697,0.3777094475231055,0.043015200500775,1.7917594692210548
atrialfibrillation,3,no_aug,success,,0.16666666666666666,0.16666666666666666,0.0,0,0.0,0.0,none,hard,resnet1d,True,False,none,True,none,0.5555555555555555,30,0,0,0.0,,,,,,,,,,,,,,,,,,,,,,,,,,,,,,,,,,,,,,,,,,,,,
atrialfibrillation,3,random_cov_state,success,,0.16666666666666666,0.20000000000000004,0.03333333333333338,120,10.0,10.0,covariance_state,hard,resnet1d,True,False,none,True,random_unit_z_direction,1.0,19,0,0,0.583442751027178,0.032393829334275696,,,,,,,,,,,,,,,,,,,,,,,,,,,,,,,,,,,,,,,,,,,,
atrialfibrillation,3,pca_cov_state,success,,0.16666666666666666,0.044444444444444446,-0.1222222222222222,120,10.0,10.0,covariance_state,hard,resnet1d,True,False,none,True,pca_top_z_direction,0.5555555555555555,30,0,0,0.9133136050077155,0.03237907480273593,3.0,0.9999999403953552,,,,,,,,,,,,,,,,,,,,,,,,,,,,,,,,,,,,,,,,,,
atrialfibrillation,3,csta_topk_uniform_top5,success,,0.1666666666666666,0.3722943722943723,0.2056277056277057,120,10.0,10.0,covariance_template,hard,resnet1d,True,False,none,True,uniform_top5_response,1.0,15,0,0,5.315653482975904,0.0323903005745582,,,uniform_topk,single_anchor,5.0,,PIA,TELM2,local_margin_safe_step,whitening_coloring,0.0001282920427136,1.0727612539847746,0.1144052453030838,0.27283001409108,0.8437962467856865,0.1,0.1,0.0,0.0,0.0,120.0,120.0,10.0,10.0,0.0,1.6609474332809178,0.25,zpia_top1_pool,core_concat,concat_all,10.0,1.0,anchor_top_abs_response,3.0,12.0,False,1.0,1.0,1.0,0.0,0.2480053213535128,0.2473399434098298,0.0043627584516276,1.6609474332809178
pendigits,1,no_aug,success,,0.9857407704625455,0.9857407704625455,0.0,0,0.0,0.0,none,hard,resnet1d,True,False,none,True,none,0.9979697138082745,28,0,0,0.0,,,,,,,,,,,,,,,,,,,,,,,,,,,,,,,,,,,,,,,,,,,,,
pendigits,1,random_cov_state,success,,0.9857407704625455,0.9891699494888886,0.003429179026343099,59950,10.0,10.0,covariance_state,hard,resnet1d,True,False,none,True,random_unit_z_direction,0.9993055471830052,17,0,0,97.34494021499995,1.4682261410476804e-07,,,,,,,,,,,,,,,,,,,,,,,,,,,,,,,,,,,,,,,,,,,,
pendigits,1,pca_cov_state,success,,0.9857407704625455,0.9872174026483733,0.0014766321858278308,59950,10.0,10.0,covariance_state,hard,resnet1d,True,False,none,True,pca_top_z_direction,0.9993055471830052,30,0,0,151.7609205499757,1.4677848585117261e-07,3.0,1.0,,,,,,,,,,,,,,,,,,,,,,,,,,,,,,,,,,,,,,,,,,
pendigits,1,csta_topk_uniform_top5,success,,0.9857407704625456,0.986670039019186,0.0009292685566404391,59950,10.0,10.0,covariance_template,hard,resnet1d,True,False,none,True,uniform_top5_response,0.9986379830133992,21,0,0,133.90619694895577,1.4685936828164467e-07,,,uniform_topk,single_anchor,5.0,,PIA,TELM2,local_margin_safe_step,whitening_coloring,0.000127338690874,1.0104246305542304,0.0213562331574907,0.9909548978917716,0.0441086306557389,0.1,0.0191379164978779,0.0,0.0,0.0,59950.0,59950.0,10.0,10.0,0.9789824854045036,2.2409456701100474,0.1379482902418682,zpia_top1_pool,core_concat,concat_all,10.0,1.0,anchor_top_abs_response,3.0,5995.0,False,1.0,1.0,1.0,0.0,0.9185166466511248,0.9169324217758048,0.0064112645044999,2.2409456701100474
pendigits,2,no_aug,success,,0.9815965953307091,0.9815965953307091,0.0,0,0.0,0.0,none,hard,resnet1d,True,False,none,True,none,0.9973824636747025,24,0,0,0.0,,,,,,,,,,,,,,,,,,,,,,,,,,,,,,,,,,,,,,,,,,,,,
pendigits,2,random_cov_state,success,,0.9815965953307091,0.9859779845925498,0.004381389261840729,59950,10.0,10.0,covariance_state,hard,resnet1d,True,False,none,True,random_unit_z_direction,0.9979993371372254,20,0,0,109.21351644402603,1.4497355982971986e-07,,,,,,,,,,,,,,,,,,,,,,,,,,,,,,,,,,,,,,,,,,,,
pendigits,2,pca_cov_state,success,,0.9815965953307091,0.9905119030174401,0.008915307686730989,59950,10.0,10.0,covariance_state,hard,resnet1d,True,False,none,True,pca_top_z_direction,0.9980482969042889,20,0,0,109.26609869801905,1.4498100091161833e-07,3.0,1.0,,,,,,,,,,,,,,,,,,,,,,,,,,,,,,,,,,,,,,,,,,
pendigits,2,csta_topk_uniform_top5,success,,0.9815965953307092,0.984900547495434,0.0033039521647247883,59950,10.0,10.0,covariance_template,hard,resnet1d,True,False,none,True,uniform_top5_response,0.9986914036041428,25,0,0,146.20226214901777,1.4505022669066414e-07,,,uniform_topk,single_anchor,5.0,,PIA,TELM2,local_margin_safe_step,whitening_coloring,0.0001273752290345,1.0164317980321358,0.0245848347267688,0.9919631474223334,0.0425271678192061,0.1,0.0191691831002918,0.0,0.0,0.0,59950.0,59950.0,10.0,10.0,0.9793160967472894,2.242037956669192,0.1684737281067556,zpia_top1_pool,core_concat,concat_all,10.0,1.0,anchor_top_abs_response,3.0,5995.0,False,1.0,1.0,1.0,0.0,0.920443796059564,0.9160869687843206,0.005387195642899,2.242037956669192
pendigits,3,no_aug,success,,0.9817358708901702,0.9817358708901702,0.0,0,0.0,0.0,none,hard,resnet1d,True,False,none,True,none,0.9980238460197628,19,0,0,0.0,,,,,,,,,,,,,,,,,,,,,,,,,,,,,,,,,,,,,,,,,,,,,
pendigits,3,random_cov_state,success,,0.9817358708901702,0.9882404959392979,0.0065046250491276325,59950,10.0,10.0,covariance_state,hard,resnet1d,True,False,none,True,random_unit_z_direction,0.9986648716607883,12,0,0,75.2219324450125,1.468661286798597e-07,,,,,,,,,,,,,,,,,,,,,,,,,,,,,,,,,,,,,,,,,,,,
pendigits,3,pca_cov_state,success,,0.9817358708901702,0.985891356808286,0.004155485918115764,59950,10.0,10.0,covariance_state,hard,resnet1d,True,False,none,True,pca_top_z_direction,0.9987158809570282,20,0,0,109.28494207200129,1.4685861313755874e-07,3.0,1.0,,,,,,,,,,,,,,,,,,,,,,,,,,,,,,,,,,,,,,,,,,
pendigits,3,csta_topk_uniform_top5,success,,0.9817358708901702,0.9771873695245792,-0.00454850136559104,59950,10.0,10.0,covariance_template,hard,resnet1d,True,False,none,True,uniform_top5_response,0.9993569131832798,20,0,0,122.72088427899871,1.469407421822527e-07,,,uniform_topk,single_anchor,5.0,,PIA,TELM2,local_margin_safe_step,whitening_coloring,0.0001273359435693,1.010220638211869,0.021098003995597,0.9916524744462366,0.0431929802611554,0.1,0.0192493554610432,0.0,0.0,0.0,59950.0,59950.0,10.0,10.0,0.9793160967472894,2.230964736606166,0.1456213511259382,zpia_top1_pool,core_concat,concat_all,10.0,1.0,anchor_top_abs_response,3.0,5995.0,False,1.0,1.0,1.0,0.0,0.9175978795259968,0.9180855085709604,0.005176001766126,2.230964736606166
racketsports,1,no_aug,success,,0.8656212251404092,0.8656212251404092,0.0,0,0.0,0.0,none,hard,resnet1d,True,False,none,True,none,0.9409722222222222,30,0,0,0.0,,,,,,,,,,,,,,,,,,,,,,,,,,,,,,,,,,,,,,,,,,,,,
racketsports,1,random_cov_state,success,,0.8656212251404092,0.8852757165720937,0.019654491431684518,1200,10.0,10.0,covariance_state,hard,resnet1d,True,False,none,True,random_unit_z_direction,0.9409722222222222,30,0,0,3.6167260769871064,0.00012104707091044239,,,,,,,,,,,,,,,,,,,,,,,,,,,,,,,,,,,,,,,,,,,,
racketsports,1,pca_cov_state,success,,0.8656212251404092,0.8644622412228047,-0.0011589839176044947,1200,10.0,10.0,covariance_state,hard,resnet1d,True,False,none,True,pca_top_z_direction,0.9409722222222222,30,0,0,3.577778386999853,0.00012104215781355955,10.0,0.8398932814598083,,,,,,,,,,,,,,,,,,,,,,,,,,,,,,,,,,,,,,,,,,
racketsports,1,csta_topk_uniform_top5,success,,0.8656212251404092,0.8836541979147613,0.01803297277435212,1200,10.0,10.0,covariance_template,hard,resnet1d,True,False,none,True,uniform_top5_response,0.9409722222222222,24,0,0,8.489087004039902,0.0001210313389003,,,uniform_topk,single_anchor,5.0,,PIA,TELM2,local_margin_safe_step,whitening_coloring,0.0002216949517642,1.0995935217345465,0.1589441426297356,0.0982861650624899,2.1438648560026827,0.1,0.1,0.0,0.0,0.0,1200.0,1200.0,10.0,10.0,0.0,2.275203377551117,0.1583333333333333,zpia_top1_pool,core_concat,concat_all,10.0,1.0,anchor_top_abs_response,21.0,120.0,False,1.0,1.0,1.0,0.0,0.6439876728442867,0.6505309066490541,0.0133635817838723,2.275203377551117
racketsports,2,no_aug,success,,0.8588293650793651,0.8588293650793651,0.0,0,0.0,0.0,none,hard,resnet1d,True,False,none,True,none,0.9701754385964912,30,0,0,0.0,,,,,,,,,,,,,,,,,,,,,,,,,,,,,,,,,,,,,,,,,,,,,
racketsports,2,random_cov_state,success,,0.8588293650793651,0.8722502514351462,0.013420886355781092,1200,10.0,10.0,covariance_state,hard,resnet1d,True,False,none,True,random_unit_z_direction,1.0,30,0,0,3.598114260996226,0.00013395705742745743,,,,,,,,,,,,,,,,,,,,,,,,,,,,,,,,,,,,,,,,,,,,
racketsports,2,pca_cov_state,success,,0.8588293650793651,0.872829417773238,0.014000052693872833,1200,10.0,10.0,covariance_state,hard,resnet1d,True,False,none,True,pca_top_z_direction,0.9081453634085213,14,0,0,1.9671977259567939,0.00013396381950447507,10.0,0.8395488262176514,,,,,,,,,,,,,,,,,,,,,,,,,,,,,,,,,,,,,,,,,,
racketsports,2,csta_topk_uniform_top5,success,,0.8588293650793651,0.88329945799458,0.024470092915214847,1200,10.0,10.0,covariance_template,hard,resnet1d,True,False,none,True,uniform_top5_response,1.0,30,0,0,8.482617420027964,0.0001339461143629,,,uniform_topk,single_anchor,5.0,,PIA,TELM2,local_margin_safe_step,whitening_coloring,0.0002217384352671,1.1007637278306668,0.1610193100252926,0.0971920335530493,2.169316663145023,0.1,0.1,0.0,0.0,0.0,1200.0,1200.0,10.0,10.0,0.0,2.265079715684917,0.1416666666666666,zpia_top1_pool,core_concat,concat_all,10.0,1.0,anchor_top_abs_response,21.0,120.0,False,1.0,1.0,1.0,0.0,0.6409920133104581,0.6446748194233678,0.0161542688599673,2.265079715684917
racketsports,3,no_aug,success,,0.8843719087962982,0.8843719087962982,0.0,0,0.0,0.0,none,hard,resnet1d,True,False,none,True,none,0.9705882352941176,30,0,0,0.0,,,,,,,,,,,,,,,,,,,,,,,,,,,,,,,,,,,,,,,,,,,,,
racketsports,3,random_cov_state,success,,0.8843719087962982,0.8963906898179199,0.012018781021621683,1200,10.0,10.0,covariance_state,hard,resnet1d,True,False,none,True,random_unit_z_direction,0.9105263157894736,30,0,0,3.6300079009961337,0.00012303260798695776,,,,,,,,,,,,,,,,,,,,,,,,,,,,,,,,,,,,,,,,,,,,
racketsports,3,pca_cov_state,success,,0.8843719087962982,0.9023612261806131,0.017989317384314862,1200,10.0,10.0,covariance_state,hard,resnet1d,True,False,none,True,pca_top_z_direction,0.9105263157894736,30,0,0,3.631552948965691,0.00012300604793836082,10.0,0.8435896039009094,,,,,,,,,,,,,,,,,,,,,,,,,,,,,,,,,,,,,,,,,,
racketsports,3,csta_topk_uniform_top5,success,,0.8843719087962982,0.8963906898179199,0.012018781021621683,1200,10.0,10.0,covariance_template,hard,resnet1d,True,False,none,True,uniform_top5_response,0.9409722222222222,22,0,0,7.523160716984421,0.0001230406010515,,,uniform_topk,single_anchor,5.0,,PIA,TELM2,local_margin_safe_step,whitening_coloring,0.0002216455538848,1.1001573272450769,0.1558556783236211,0.0982568417140322,2.1508125271014964,0.1,0.1,0.0,0.0,0.0,1200.0,1200.0,10.0,10.0,0.0,2.256838815377447,0.15,zpia_top1_pool,core_concat,concat_all,10.0,1.0,anchor_top_abs_response,21.0,120.0,False,1.0,1.0,1.0,0.0,0.6390133560120386,0.640681388461378,0.013002536628967,2.256838815377447
articularywordrecognition,1,no_aug,success,,0.9730638636725593,0.9730638636725593,0.0,0,0.0,0.0,none,hard,resnet1d,True,False,none,True,none,0.9786666666666668,30,0,0,0.0,,,,,,,,,,,,,,,,,,,,,,,,,,,,,,,,,,,,,,,,,,,,,
articularywordrecognition,1,random_cov_state,success,,0.9730638636725593,0.9601341846559237,-0.012929679016635554,2200,10.0,10.0,covariance_state,hard,resnet1d,True,False,none,True,random_unit_z_direction,0.9840000000000001,11,0,0,3.092458061990328,0.0271130358888424,,,,,,,,,,,,,,,,,,,,,,,,,,,,,,,,,,,,,,,,,,,,
articularywordrecognition,1,pca_cov_state,success,,0.9730638636725593,0.9601775930993321,-0.01288627057322711,2200,10.0,10.0,covariance_state,hard,resnet1d,True,False,none,True,pca_top_z_direction,0.9840000000000001,11,0,0,3.0735388199682347,0.027107405446170876,10.0,0.6842184066772461,,,,,,,,,,,,,,,,,,,,,,,,,,,,,,,,,,,,,,,,,,
articularywordrecognition,1,csta_topk_uniform_top5,success,,0.9730638636725591,0.9867665551839464,0.013702691511387255,2200,10.0,10.0,covariance_template,hard,resnet1d,True,False,none,True,uniform_top5_response,0.9786666666666668,30,0,0,11.119744982977863,0.0271082759096673,,,uniform_topk,single_anchor,5.0,,PIA,TELM2,local_margin_safe_step,whitening_coloring,0.00027191408166,1.132930453325192,0.2137453404311253,0.0521769186252962,3.913112969333946,0.0999999999999999,0.0999999999999999,0.0,0.0,0.0,2200.0,2200.0,10.0,10.0,0.0,2.2913842454070936,0.1272727272727272,zpia_top1_pool,core_concat,concat_all,10.0,1.0,anchor_top_abs_response,45.0,220.0,False,1.0,1.0,1.0,0.0,0.684195344601643,0.6875244013785357,0.0193680921161213,2.2913842454070936
articularywordrecognition,2,no_aug,success,,0.952954070084505,0.952954070084505,0.0,0,0.0,0.0,none,hard,resnet1d,True,False,none,True,none,0.9840000000000001,17,0,0,0.0,,,,,,,,,,,,,,,,,,,,,,,,,,,,,,,,,,,,,,,,,,,,,
articularywordrecognition,2,random_cov_state,success,,0.952954070084505,0.9735389074693421,0.020584837384837185,2200,10.0,10.0,covariance_state,hard,resnet1d,True,False,none,True,random_unit_z_direction,0.9436190476190476,11,0,0,3.081821868021507,0.0258814723307986,,,,,,,,,,,,,,,,,,,,,,,,,,,,,,,,,,,,,,,,,,,,
articularywordrecognition,2,pca_cov_state,success,,0.952954070084505,0.9795971970058927,0.026643126921387705,2200,10.0,10.0,covariance_state,hard,resnet1d,True,False,none,True,pca_top_z_direction,0.944952380952381,30,0,0,6.046317775035277,0.025882129571448934,10.0,0.6817032694816589,,,,,,,,,,,,,,,,,,,,,,,,,,,,,,,,,,,,,,,,,,
articularywordrecognition,2,csta_topk_uniform_top5,success,,0.952954070084505,0.9764847481021394,0.02353067801763442,2200,10.0,10.0,covariance_template,hard,resnet1d,True,False,none,True,uniform_top5_response,0.9662857142857144,29,0,0,10.597944093984552,0.0258813047801524,,,uniform_topk,single_anchor,5.0,,PIA,TELM2,local_margin_safe_step,whitening_coloring,0.0002718387863432,1.1290375344663883,0.2104218377999679,0.0514480659250315,3.9518871108025633,0.0999999999999999,0.0999999999999999,0.0,0.0,0.0,2200.0,2200.0,10.0,10.0,0.0,2.2515077492595483,0.1227272727272727,zpia_top1_pool,core_concat,concat_all,10.0,1.0,anchor_top_abs_response,45.0,220.0,False,1.0,1.0,1.0,0.0,0.6836273135963726,0.6877027933279468,0.0165023678415798,2.2515077492595483
articularywordrecognition,3,no_aug,success,,0.9633028826246217,0.9633028826246217,0.0,0,0.0,0.0,none,hard,resnet1d,True,False,none,True,none,1.0,20,0,0,0.0,,,,,,,,,,,,,,,,,,,,,,,,,,,,,,,,,,,,,,,,,,,,,
articularywordrecognition,3,random_cov_state,success,,0.9633028826246217,0.9625794340924776,-0.000723448532144122,2200,10.0,10.0,covariance_state,hard,resnet1d,True,False,none,True,random_unit_z_direction,0.9840000000000001,12,0,0,3.0817207990330644,0.026202933975999664,,,,,,,,,,,,,,,,,,,,,,,,,,,,,,,,,,,,,,,,,,,,
articularywordrecognition,3,pca_cov_state,success,,0.9633028826246217,0.9664571003875352,0.0031542177629134693,2200,10.0,10.0,covariance_state,hard,resnet1d,True,False,none,True,pca_top_z_direction,1.0,12,0,0,3.0744374529458582,0.026203935012643016,10.0,0.6834048628807068,,,,,,,,,,,,,,,,,,,,,,,,,,,,,,,,,,,,,,,,,,
articularywordrecognition,3,csta_topk_uniform_top5,success,,0.9633028826246216,0.9760612411742846,0.012758358549663007,2200,10.0,10.0,covariance_template,hard,resnet1d,True,False,none,True,uniform_top5_response,1.0,30,0,0,11.52355714701116,0.0262025559585915,,,uniform_topk,single_anchor,5.0,,PIA,TELM2,local_margin_safe_step,whitening_coloring,0.0002718418566238,1.1277198941918587,0.2103176334609148,0.0516412012044326,3.9383159923706983,0.0999999999999999,0.0999999999999999,0.0,0.0,0.0,2200.0,2200.0,10.0,10.0,0.0,2.265482162293999,0.1545454545454545,zpia_top1_pool,core_concat,concat_all,10.0,1.0,anchor_top_abs_response,45.0,220.0,False,1.0,1.0,1.0,0.0,0.6831837497644455,0.6910782037319378,0.0135389181988973,2.265482162293999
heartbeat,1,no_aug,success,,0.6549286291408565,0.6549286291408565,0.0,0,0.0,0.0,none,hard,resnet1d,True,False,none,True,none,0.7602339181286549,21,0,0,0.0,,,,,,,,,,,,,,,,,,,,,,,,,,,,,,,,,,,,,,,,,,,,,
heartbeat,1,random_cov_state,success,,0.6549286291408565,0.5875251509054326,-0.06740347823542392,1630,10.0,10.0,covariance_state,hard,resnet1d,True,False,none,True,random_unit_z_direction,0.7410526315789474,29,0,0,14.070467167999595,9.577865573881997,,,,,,,,,,,,,,,,,,,,,,,,,,,,,,,,,,,,,,,,,,,,
heartbeat,1,pca_cov_state,success,,0.6549286291408565,0.6273164438189068,-0.027612185321949645,1630,10.0,10.0,covariance_state,hard,resnet1d,True,False,none,True,pca_top_z_direction,0.764367816091954,17,0,0,11.151664526958484,9.577801303138997,10.0,0.9288330078125,,,,,,,,,,,,,,,,,,,,,,,,,,,,,,,,,,,,,,,,,,
heartbeat,1,csta_topk_uniform_top5,success,,0.6549286291408565,0.6479175611850579,-0.007011067955798533,1630,10.0,10.0,covariance_template,hard,resnet1d,True,False,none,True,uniform_top5_response,0.7410526315789474,29,0,0,19.673692237993237,9.577828482042598,,,uniform_topk,single_anchor,5.0,,PIA,TELM2,local_margin_safe_step,whitening_coloring,0.0007042890094396,1.1481551706527664,0.2759102836948259,0.0577488317477582,4.120208422367514,0.1,0.1,0.0,0.0,0.0,1630.0,1630.0,10.0,10.0,0.0,2.1804594782729048,0.1963190184049079,zpia_top1_pool,core_concat,concat_all,10.0,1.0,anchor_top_abs_response,1891.0,163.0,True,1.0,1.0,1.0,0.0,0.6996289765562087,0.68941845094542,0.0370501852397661,2.1804594782729048
heartbeat,2,no_aug,success,,0.6354209417494323,0.6354209417494323,0.0,0,0.0,0.0,none,hard,resnet1d,True,False,none,True,none,0.5858585858585859,11,0,0,0.0,,,,,,,,,,,,,,,,,,,,,,,,,,,,,,,,,,,,,,,,,,,,,
heartbeat,2,random_cov_state,success,,0.6354209417494323,0.6731665440274712,0.037745602278038914,1630,10.0,10.0,covariance_state,hard,resnet1d,True,False,none,True,random_unit_z_direction,0.6893939393939394,27,0,0,13.471278548007831,9.609281515272638,,,,,,,,,,,,,,,,,,,,,,,,,,,,,,,,,,,,,,,,,,,,
heartbeat,2,pca_cov_state,success,,0.6354209417494323,0.5628997867803838,-0.07252115496904854,1630,10.0,10.0,covariance_state,hard,resnet1d,True,False,none,True,pca_top_z_direction,0.5886287625418061,14,0,0,10.284444592020009,9.609121224719372,10.0,0.9195896983146667,,,,,,,,,,,,,,,,,,,,,,,,,,,,,,,,,,,,,,,,,,
heartbeat,2,csta_topk_uniform_top5,success,,0.6354209417494323,0.6884776973272548,0.05305675557782252,1630,10.0,10.0,covariance_template,hard,resnet1d,True,False,none,True,uniform_top5_response,0.6479313036690086,20,0,0,17.333088562998455,9.609181328783828,,,uniform_topk,single_anchor,5.0,,PIA,TELM2,local_margin_safe_step,whitening_coloring,0.0007043443397739,1.1512141502095223,0.2799628398088058,0.0602555968174783,3.835647711137636,0.1,0.1,0.0,0.0,0.0,1630.0,1630.0,10.0,10.0,0.0,2.201867319003836,0.2085889570552147,zpia_top1_pool,core_concat,concat_all,10.0,1.0,anchor_top_abs_response,1891.0,163.0,True,1.0,1.0,1.0,0.0,0.7219113512187413,0.7254352076964655,0.0375895521156243,2.201867319003836
heartbeat,3,no_aug,success,,0.6687314839752222,0.6687314839752222,0.0,0,0.0,0.0,none,hard,resnet1d,True,False,none,True,none,0.7515151515151515,22,0,0,0.0,,,,,,,,,,,,,,,,,,,,,,,,,,,,,,,,,,,,,,,,,,,,,
heartbeat,3,random_cov_state,success,,0.6687314839752222,0.6229241118351903,-0.04580737214003194,1630,10.0,10.0,covariance_state,hard,resnet1d,True,False,none,True,random_unit_z_direction,0.783068783068783,30,0,0,14.088751662988216,9.523575382309799,,,,,,,,,,,,,,,,,,,,,,,,,,,,,,,,,,,,,,,,,,,,
heartbeat,3,pca_cov_state,success,,0.6687314839752222,0.5858984224701809,-0.08283306150504133,1630,10.0,10.0,covariance_state,hard,resnet1d,True,False,none,True,pca_top_z_direction,0.6261398176291793,14,0,0,10.272467104019597,9.523510556968674,10.0,0.9261988401412964,,,,,,,,,,,,,,,,,,,,,,,,,,,,,,,,,,,,,,,,,,
heartbeat,3,csta_topk_uniform_top5,success,,0.6687314839752222,0.6299257272539716,-0.03880575672125064,1630,10.0,10.0,covariance_template,hard,resnet1d,True,False,none,True,uniform_top5_response,0.6925,12,0,0,15.763009854999837,9.523506305925167,,,uniform_topk,single_anchor,5.0,,PIA,TELM2,local_margin_safe_step,whitening_coloring,0.0007043656218729,1.1490651684231974,0.2806181484480398,0.0579559478814521,4.251664547285471,0.1,0.1,0.0,0.0,0.0,1630.0,1630.0,10.0,10.0,0.0,2.0699101265116435,0.1963190184049079,zpia_top1_pool,core_concat,concat_all,10.0,1.0,anchor_top_abs_response,1891.0,163.0,True,1.0,1.0,1.0,0.0,0.741793434072014,0.7288033921071438,0.0357935535064412,2.0699101265116435
selfregulationscp2,1,no_aug,success,,0.3849097867687261,0.3849097867687261,0.0,0,0.0,0.0,none,hard,resnet1d,True,False,none,True,none,0.48717948717948717,12,0,0,0.0,,,,,,,,,,,,,,,,,,,,,,,,,,,,,,,,,,,,,,,,,,,,,
selfregulationscp2,1,random_cov_state,success,,0.3849097867687261,0.5388746566252045,0.1539648698564784,1600,10.0,10.0,covariance_state,hard,resnet1d,True,False,none,True,random_unit_z_direction,0.47203016970458833,25,0,0,12.70411225099815,1.1579851495147802e-05,,,,,,,,,,,,,,,,,,,,,,,,,,,,,,,,,,,,,,,,,,,,
selfregulationscp2,1,pca_cov_state,success,,0.3849097867687261,0.5475113122171945,0.1626015254484684,1600,10.0,10.0,covariance_state,hard,resnet1d,True,False,none,True,pca_top_z_direction,0.55,23,0,0,11.753815272997599,1.1579719757497433e-05,10.0,0.998552680015564,,,,,,,,,,,,,,,,,,,,,,,,,,,,,,,,,,,,,,,,,,
selfregulationscp2,1,csta_topk_uniform_top5,success,,0.3849097867687261,0.5112206997721527,0.12631091300342656,1600,10.0,10.0,covariance_template,hard,resnet1d,True,False,none,True,uniform_top5_response,0.5223130106851037,17,0,0,14.596638282993808,1.1579775503986344e-05,,,uniform_topk,single_anchor,5.0,,PIA,TELM2,local_margin_safe_step,whitening_coloring,0.0002389958072125,1.0792831609271183,0.1405407874000562,0.527835935417657,0.4101357522298697,0.1,0.1,0.0,0.0,0.0,1600.0,1600.0,10.0,10.0,0.0,2.134566706867238,0.15,zpia_top1_pool,core_concat,concat_all,10.0,1.0,anchor_top_abs_response,28.0,160.0,False,1.0,1.0,1.0,0.0,0.3673152616534192,0.368429230774583,0.0049251899363916,2.134566706867238
selfregulationscp2,2,no_aug,success,,0.4562610943290461,0.4562610943290461,0.0,0,0.0,0.0,none,hard,resnet1d,True,False,none,True,none,0.6,13,0,0,0.0,,,,,,,,,,,,,,,,,,,,,,,,,,,,,,,,,,,,,,,,,,,,,
selfregulationscp2,2,random_cov_state,success,,0.4562610943290461,0.4606949806949807,0.004433886365934614,1600,10.0,10.0,covariance_state,hard,resnet1d,True,False,none,True,random_unit_z_direction,0.5747342088805503,19,0,0,9.922016156022437,1.1483485887008605e-05,,,,,,,,,,,,,,,,,,,,,,,,,,,,,,,,,,,,,,,,,,,,
selfregulationscp2,2,pca_cov_state,success,,0.4562610943290461,0.46664985499936956,0.01038876067032346,1600,10.0,10.0,covariance_state,hard,resnet1d,True,False,none,True,pca_top_z_direction,0.6419437340153453,23,0,0,11.789161232998595,1.148338113074036e-05,10.0,0.9986796975135803,,,,,,,,,,,,,,,,,,,,,,,,,,,,,,,,,,,,,,,,,,
selfregulationscp2,2,csta_topk_uniform_top5,success,,0.4562610943290461,0.4247773882287239,-0.031483706100322195,1600,10.0,10.0,covariance_template,hard,resnet1d,True,False,none,True,uniform_top5_response,0.6491228070175439,22,0,0,17.541425957984757,1.148300828893722e-05,,,uniform_topk,single_anchor,5.0,,PIA,TELM2,local_margin_safe_step,whitening_coloring,0.0002390080148827,1.083384295854797,0.1410201801744464,0.5149132348707794,0.4191510754558709,0.1,0.1,0.0,0.0,0.0,1600.0,1600.0,10.0,10.0,0.0,2.2367311021835907,0.1375,zpia_top1_pool,core_concat,concat_all,10.0,1.0,anchor_top_abs_response,28.0,160.0,False,1.0,1.0,1.0,0.0,0.3480114728782497,0.3488291581803788,0.003140171672414,2.2367311021835907
selfregulationscp2,3,no_aug,success,,0.5110507470058032,0.5110507470058032,0.0,0,0.0,0.0,none,hard,resnet1d,True,False,none,True,none,0.6190476190476191,30,0,0,0.0,,,,,,,,,,,,,,,,,,,,,,,,,,,,,,,,,,,,,,,,,,,,,
selfregulationscp2,3,random_cov_state,success,,0.5110507470058032,0.47024381176616376,-0.040806935239639464,1600,10.0,10.0,covariance_state,hard,resnet1d,True,False,none,True,random_unit_z_direction,0.6491228070175439,22,0,0,11.304793778981548,1.1450587889765998e-05,,,,,,,,,,,,,,,,,,,,,,,,,,,,,,,,,,,,,,,,,,,,
selfregulationscp2,3,pca_cov_state,success,,0.5110507470058032,0.5244755244755245,0.01342477746972126,1600,10.0,10.0,covariance_state,hard,resnet1d,True,False,none,True,pca_top_z_direction,0.595959595959596,13,0,0,7.053330804046709,1.1449013770419838e-05,10.0,0.9986287355422974,,,,,,,,,,,,,,,,,,,,,,,,,,,,,,,,,,,,,,,,,,
selfregulationscp2,3,csta_topk_uniform_top5,success,,0.5110507470058032,0.4554883318928263,-0.05556241511297694,1600,10.0,10.0,covariance_template,hard,resnet1d,True,False,none,True,uniform_top5_response,0.6992481203007519,30,0,0,22.487171000044327,1.1448982913468346e-05,,,uniform_topk,single_anchor,5.0,,PIA,TELM2,local_margin_safe_step,whitening_coloring,0.0002389658403971,1.0813801683851203,0.1382916576604653,0.5170723837651854,0.4164331853014144,0.1,0.1,0.0,0.0,0.0,1600.0,1600.0,10.0,10.0,0.0,2.228989694344956,0.15,zpia_top1_pool,core_concat,concat_all,10.0,1.0,anchor_top_abs_response,28.0,160.0,False,1.0,1.0,1.0,0.0,0.3346552097088778,0.3364529533410553,0.0075093464270424,2.228989694344956
libras,1,no_aug,success,,0.8667137210615472,0.8667137210615472,0.0,0,0.0,0.0,none,hard,resnet1d,True,False,none,True,none,0.9338095238095239,30,0,0,0.0,,,,,,,,,,,,,,,,,,,,,,,,,,,,,,,,,,,,,,,,,,,,,
libras,1,random_cov_state,success,,0.8667137210615472,0.8821534724553216,0.015439751393774404,1440,10.0,10.0,covariance_state,hard,resnet1d,True,False,none,True,random_unit_z_direction,0.9504761904761907,14,0,0,2.3079509059898555,0.252927069200811,,,,,,,,,,,,,,,,,,,,,,,,,,,,,,,,,,,,,,,,,,,,
libras,1,pca_cov_state,success,,0.8667137210615472,0.9091288824452242,0.04241516138367696,1440,10.0,10.0,covariance_state,hard,resnet1d,True,False,none,True,pca_top_z_direction,0.9566666666666668,30,0,0,4.155979790026322,0.2524311925947033,3.0,1.0,,,,,,,,,,,,,,,,,,,,,,,,,,,,,,,,,,,,,,,,,,
libras,1,csta_topk_uniform_top5,success,,0.8667137210615472,0.8855596369616201,0.018845915900072896,1440,10.0,10.0,covariance_template,hard,resnet1d,True,False,none,True,uniform_top5_response,0.9344444444444444,16,0,0,7.331262822030112,0.25251294603636,,,uniform_topk,single_anchor,5.0,,PIA,TELM2,local_margin_safe_step,whitening_coloring,0.0001285208510336,1.0752028845085742,0.1233556507393927,0.5256300696195527,0.5275506693794164,0.1,0.0973388766614359,0.0,0.0,0.0,1440.0,1440.0,10.0,10.0,0.1111111111111111,2.240959172947206,0.1527777777777778,zpia_top1_pool,core_concat,concat_all,10.0,1.0,anchor_top_abs_response,3.0,144.0,False,1.0,1.0,1.0,0.0,0.3876957434164827,0.3891776689172641,0.0684016570596201,2.240959172947206
libras,2,no_aug,success,,0.019034133206620733,0.019034133206620733,0.0,0,0.0,0.0,none,hard,resnet1d,True,False,none,True,none,0.014814814814814814,11,0,0,0.0,,,,,,,,,,,,,,,,,,,,,,,,,,,,,,,,,,,,,,,,,,,,,
libras,2,random_cov_state,success,,0.019034133206620733,0.9157896823340944,0.8967555491274737,1440,10.0,10.0,covariance_state,hard,resnet1d,True,False,none,True,random_unit_z_direction,0.9326984126984127,21,0,0,3.1089794890140183,0.2465716303206272,,,,,,,,,,,,,,,,,,,,,,,,,,,,,,,,,,,,,,,,,,,,
libras,2,pca_cov_state,success,,0.019034133206620733,0.9444059772755425,0.9253718440689218,1440,10.0,10.0,covariance_state,hard,resnet1d,True,False,none,True,pca_top_z_direction,0.8993650793650794,27,0,0,3.793577410047874,0.24682816308971536,3.0,1.0,,,,,,,,,,,,,,,,,,,,,,,,,,,,,,,,,,,,,,,,,,
libras,2,csta_topk_uniform_top5,success,,0.0190341332066207,0.9551939815418076,0.9361598483351868,1440,10.0,10.0,covariance_template,hard,resnet1d,True,False,none,True,uniform_top5_response,0.9122222222222224,19,0,0,8.064579227007926,0.246888250895578,,,uniform_topk,single_anchor,5.0,,PIA,TELM2,local_margin_safe_step,whitening_coloring,0.0001285116976114,1.0674741712162508,0.1239610233393003,0.5268765844769608,0.5439260524348906,0.1,0.0970197031094689,0.0,0.0,0.0,1440.0,1440.0,10.0,10.0,0.1111111111111111,2.150962859993731,0.1666666666666666,zpia_top1_pool,core_concat,concat_all,10.0,1.0,anchor_top_abs_response,3.0,144.0,False,1.0,1.0,1.0,0.0,0.4502917386789191,0.3658089258838252,0.0468167645492427,2.150962859993731
libras,3,no_aug,success,,0.7957431716788879,0.7957431716788879,0.0,0,0.0,0.0,none,hard,resnet1d,True,False,none,True,none,0.8485714285714285,30,0,0,0.0,,,,,,,,,,,,,,,,,,,,,,,,,,,,,,,,,,,,,,,,,,,,,
libras,3,random_cov_state,success,,0.7957431716788879,0.8611785905988806,0.06543541891999272,1440,10.0,10.0,covariance_state,hard,resnet1d,True,False,none,True,random_unit_z_direction,0.8615873015873017,14,0,0,2.268609089020174,0.2471081564995613,,,,,,,,,,,,,,,,,,,,,,,,,,,,,,,,,,,,,,,,,,,,
libras,3,pca_cov_state,success,,0.7957431716788879,0.8289065638013745,0.033163392122486646,1440,10.0,10.0,covariance_state,hard,resnet1d,True,False,none,True,pca_top_z_direction,0.866031746031746,17,0,0,2.623897753015626,0.24682438011132604,3.0,0.9999999403953552,,,,,,,,,,,,,,,,,,,,,,,,,,,,,,,,,,,,,,,,,,
libras,3,csta_topk_uniform_top5,success,,0.7957431716788879,0.8409522305651336,0.04520905888624571,1440,10.0,10.0,covariance_template,hard,resnet1d,True,False,none,True,uniform_top5_response,0.8888888888888891,14,0,0,7.635607665986754,0.2467601852913688,,,uniform_topk,single_anchor,5.0,,PIA,TELM2,local_margin_safe_step,whitening_coloring,0.0001290098786525,1.0900983881556885,0.1382473817412128,0.5065235362984729,0.5671790192350135,0.1,0.0979165266063191,0.0,0.0,0.0,1440.0,1440.0,10.0,10.0,0.0902777777777777,2.1108746953146027,0.1666666666666666,zpia_top1_pool,core_concat,concat_all,10.0,1.0,anchor_top_abs_response,3.0,144.0,False,1.0,1.0,1.0,0.0,0.3204863343106592,0.3680526868198097,0.0467490441442787,2.1108746953146027
japanesevowels,1,no_aug,success,,0.9561456014766324,0.9561456014766324,0.0,0,0.0,0.0,none,hard,resnet1d,True,False,none,True,none,0.9452769452769453,30,0,0,0.0,,,,,,,,,,,,,,,,,,,,,,,,,,,,,,,,,,,,,,,,,,,,,
japanesevowels,1,random_cov_state,success,,0.9561456014766324,0.9866328147908892,0.030487213314256745,2160,10.0,10.0,covariance_state,hard,resnet1d,True,False,none,True,random_unit_z_direction,0.9813519813519815,13,0,0,3.5196764309657738,2.4621617415920185,,,,,,,,,,,,,,,,,,,,,,,,,,,,,,,,,,,,,,,,,,,,
japanesevowels,1,pca_cov_state,success,,0.9561456014766324,0.9627034640761973,0.006557862599564923,2160,10.0,10.0,covariance_state,hard,resnet1d,True,False,none,True,pca_top_z_direction,0.9628334628334628,18,0,0,4.136128885031212,2.4622460803517026,10.0,0.6253258585929871,,,,,,,,,,,,,,,,,,,,,,,,,,,,,,,,,,,,,,,,,,
japanesevowels,1,csta_topk_uniform_top5,success,,0.9561456014766324,0.977748412110884,0.021602810634251624,2160,10.0,10.0,covariance_template,hard,resnet1d,True,False,none,True,uniform_top5_response,0.9813519813519817,30,0,0,11.933726185990963,2.4622206994638933,,,uniform_topk,single_anchor,5.0,,PIA,TELM2,local_margin_safe_step,whitening_coloring,0.0003159381836357,1.2247455895150228,0.3390200504332407,0.0372904425483835,5.394679395933378,0.0999999999999999,0.0999999999999999,0.0,0.0,0.0,2160.0,2160.0,10.0,10.0,0.0,2.2808997157194475,0.1527777777777778,zpia_top1_pool,core_concat,concat_all,10.0,1.0,anchor_top_abs_response,78.0,216.0,False,1.0,1.0,1.0,0.0,0.7457823519458467,0.7501390617000077,0.012200302220932,2.2808997157194475
japanesevowels,2,no_aug,success,,0.9741476029508114,0.9741476029508114,0.0,0,0.0,0.0,none,hard,resnet1d,True,False,none,True,none,1.0,30,0,0,0.0,,,,,,,,,,,,,,,,,,,,,,,,,,,,,,,,,,,,,,,,,,,,,
japanesevowels,2,random_cov_state,success,,0.9741476029508114,0.973509205873986,-0.0006383970768253366,2160,10.0,10.0,covariance_state,hard,resnet1d,True,False,none,True,random_unit_z_direction,1.0,30,0,0,6.541273775976151,2.4439405190992347,,,,,,,,,,,,,,,,,,,,,,,,,,,,,,,,,,,,,,,,,,,,
japanesevowels,2,pca_cov_state,success,,0.9741476029508114,0.968010015945806,-0.006137587005005329,2160,10.0,10.0,covariance_state,hard,resnet1d,True,False,none,True,pca_top_z_direction,1.0,30,0,0,6.064048349042423,2.444249333384867,10.0,0.6218569874763489,,,,,,,,,,,,,,,,,,,,,,,,,,,,,,,,,,,,,,,,,,
japanesevowels,2,csta_topk_uniform_top5,success,,0.9741476029508114,0.9720074904623128,-0.0021401124884985467,2160,10.0,10.0,covariance_template,hard,resnet1d,True,False,none,True,uniform_top5_response,1.0,30,0,0,11.506849009019788,2.443911620853792,,,uniform_topk,single_anchor,5.0,,PIA,TELM2,local_margin_safe_step,whitening_coloring,0.0003157888430975,1.21840940076974,0.3328679261125654,0.0375873301836795,5.356552201176859,0.0999999999999999,0.0999999999999999,0.0,0.0,0.0,2160.0,2160.0,10.0,10.0,0.0,2.2579419741768376,0.1527777777777778,zpia_top1_pool,core_concat,concat_all,10.0,1.0,anchor_top_abs_response,78.0,216.0,False,1.0,1.0,1.0,0.0,0.7493481019152409,0.7534476229307976,0.0126902622167224,2.2579419741768376
japanesevowels,3,no_aug,success,,0.9681596726696929,0.9681596726696929,0.0,0,0.0,0.0,none,hard,resnet1d,True,False,none,True,none,1.0,30,0,0,0.0,,,,,,,,,,,,,,,,,,,,,,,,,,,,,,,,,,,,,,,,,,,,,
japanesevowels,3,random_cov_state,success,,0.9681596726696929,0.9917695653737475,0.023609892704054558,2160,10.0,10.0,covariance_state,hard,resnet1d,True,False,none,True,random_unit_z_direction,1.0,30,0,0,6.080875865009148,2.444048555188742,,,,,,,,,,,,,,,,,,,,,,,,,,,,,,,,,,,,,,,,,,,,
japanesevowels,3,pca_cov_state,success,,0.9681596726696929,0.9798297053132425,0.0116700326435496,2160,10.0,10.0,covariance_state,hard,resnet1d,True,False,none,True,pca_top_z_direction,1.0,30,0,0,6.070612896000966,2.4439538798602096,10.0,0.6222749352455139,,,,,,,,,,,,,,,,,,,,,,,,,,,,,,,,,,,,,,,,,,
japanesevowels,3,csta_topk_uniform_top5,success,,0.9681596726696928,0.9858464973490269,0.017686824679334023,2160,10.0,10.0,covariance_template,hard,resnet1d,True,False,none,True,uniform_top5_response,0.9813519813519817,30,0,0,11.665648518013768,2.4440257806547754,,,uniform_topk,single_anchor,5.0,,PIA,TELM2,local_margin_safe_step,whitening_coloring,0.0003158949349976,1.2170674258325704,0.3375596601228831,0.0374169817955772,5.378469108461614,0.0999999999999999,0.0999999999999999,0.0,0.0,0.0,2160.0,2160.0,10.0,10.0,0.0,2.2753389404077917,0.1481481481481481,zpia_top1_pool,core_concat,concat_all,10.0,1.0,anchor_top_abs_response,78.0,216.0,False,1.0,1.0,1.0,0.0,0.7488016497452964,0.7512732409111937,0.0123525275859869,2.2753389404077917
cricket,1,no_aug,success,,0.9860139860139862,0.9860139860139862,0.0,0,0.0,0.0,none,hard,resnet1d,True,False,none,True,none,1.0,30,0,0,0.0,,,,,,,,,,,,,,,,,,,,,,,,,,,,,,,,,,,,,,,,,,,,,
cricket,1,random_cov_state,success,,0.9860139860139862,0.9860139860139862,0.0,860,10.0,10.0,covariance_state,hard,resnet1d,True,False,none,True,random_unit_z_direction,1.0,30,0,0,8.556928976031486,0.01307116901099057,,,,,,,,,,,,,,,,,,,,,,,,,,,,,,,,,,,,,,,,,,,,
cricket,1,pca_cov_state,success,,0.9860139860139862,0.9860139860139862,0.0,860,10.0,10.0,covariance_state,hard,resnet1d,True,False,none,True,pca_top_z_direction,1.0,30,0,0,8.572884513996542,0.013079307193432808,10.0,0.9760114550590515,,,,,,,,,,,,,,,,,,,,,,,,,,,,,,,,,,,,,,,,,,
cricket,1,csta_topk_uniform_top5,success,,0.9860139860139862,0.972027972027972,-0.013986013986014179,860,10.0,10.0,covariance_template,hard,resnet1d,True,False,none,True,uniform_top5_response,1.0,30,0,0,14.556502789026126,0.0130711247628724,,,uniform_topk,single_anchor,5.0,,PIA,TELM2,local_margin_safe_step,whitening_coloring,0.0002217053765745,1.095995551805896,0.1569632765531075,0.1069668964649807,2.0181944374140146,0.1,0.1,0.0,0.0,0.0,860.0,860.0,10.0,10.0,0.0,2.113463829762273,0.2209302325581395,zpia_top1_pool,core_concat,concat_all,10.0,1.0,anchor_top_abs_response,21.0,86.0,False,1.0,1.0,1.0,0.0,0.4001019188324796,0.4069355645834173,0.0187108211623632,2.113463829762273
cricket,2,no_aug,success,,1.0,1.0,0.0,0,0.0,0.0,none,hard,resnet1d,True,False,none,True,none,1.0,30,0,0,0.0,,,,,,,,,,,,,,,,,,,,,,,,,,,,,,,,,,,,,,,,,,,,,
cricket,2,random_cov_state,success,,1.0,0.9860139860139862,-0.013986013986013845,860,10.0,10.0,covariance_state,hard,resnet1d,True,False,none,True,random_unit_z_direction,1.0,30,0,0,8.611356769048143,0.01358504367229653,,,,,,,,,,,,,,,,,,,,,,,,,,,,,,,,,,,,,,,,,,,,
cricket,2,pca_cov_state,success,,1.0,0.9860139860139862,-0.013986013986013845,860,10.0,10.0,covariance_state,hard,resnet1d,True,False,none,True,pca_top_z_direction,1.0,30,0,0,8.613519950013142,0.013589787950781808,10.0,0.9759203195571899,,,,,,,,,,,,,,,,,,,,,,,,,,,,,,,,,,,,,,,,,,
cricket,2,csta_topk_uniform_top5,success,,1.0,1.0,0.0,860,10.0,10.0,covariance_template,hard,resnet1d,True,False,none,True,uniform_top5_response,1.0,30,0,0,14.15626177500235,0.0135970649173045,,,uniform_topk,single_anchor,5.0,,PIA,TELM2,local_margin_safe_step,whitening_coloring,0.0002218012526705,1.103435716841656,0.1629559545508302,0.1057970206803498,2.029877671970912,0.1,0.1,0.0,0.0,0.0,860.0,860.0,10.0,10.0,0.0,2.181743959302551,0.1860465116279069,zpia_top1_pool,core_concat,concat_all,10.0,1.0,anchor_top_abs_response,21.0,86.0,False,1.0,1.0000000000000002,1.0,0.0,0.4220295189787309,0.4248246670850231,0.0222675067475672,2.181743959302551
cricket,3,no_aug,success,,0.9860139860139859,0.9860139860139859,0.0,0,0.0,0.0,none,hard,resnet1d,True,False,none,True,none,1.0,30,0,0,0.0,,,,,,,,,,,,,,,,,,,,,,,,,,,,,,,,,,,,,,,,,,,,,
cricket,3,random_cov_state,success,,0.9860139860139859,0.9721250971250971,-0.01388888888888884,860,10.0,10.0,covariance_state,hard,resnet1d,True,False,none,True,random_unit_z_direction,1.0,30,0,0,8.626472875999752,0.012142678429168956,,,,,,,,,,,,,,,,,,,,,,,,,,,,,,,,,,,,,,,,,,,,
cricket,3,pca_cov_state,success,,0.9860139860139859,0.9860139860139859,0.0,860,10.0,10.0,covariance_state,hard,resnet1d,True,False,none,True,pca_top_z_direction,1.0,30,0,0,8.623979891999625,0.012147278339038918,10.0,0.9743293523788452,,,,,,,,,,,,,,,,,,,,,,,,,,,,,,,,,,,,,,,,,,
cricket,3,csta_topk_uniform_top5,success,,0.986013986013986,0.9721250971250972,-0.01388888888888884,860,10.0,10.0,covariance_template,hard,resnet1d,True,False,none,True,uniform_top5_response,1.0,30,0,0,14.142255112004932,0.0121486632274426,,,uniform_topk,single_anchor,5.0,,PIA,TELM2,local_margin_safe_step,whitening_coloring,0.0002217167490049,1.1030685271579492,0.1585658525578335,0.1084347014582258,1.9700825355244047,0.1,0.1,0.0,0.0,0.0,860.0,860.0,10.0,10.0,0.0,2.084463873463391,0.2325581395348837,zpia_top1_pool,core_concat,concat_all,10.0,1.0,anchor_top_abs_response,21.0,86.0,False,1.0,1.0,1.0,0.0,0.4427598620853732,0.4204514023207658,0.0132718532418008,2.084463873463391
handwriting,1,no_aug,success,,0.382737297846506,0.382737297846506,0.0,0,0.0,0.0,none,hard,resnet1d,True,False,none,True,none,0.3055555555555555,30,0,0,0.0,,,,,,,,,,,,,,,,,,,,,,,,,,,,,,,,,,,,,,,,,,,,,
handwriting,1,random_cov_state,success,,0.382737297846506,0.4822955299476751,0.0995582321011691,1200,10.0,10.0,covariance_state,hard,resnet1d,True,False,none,True,random_unit_z_direction,0.4,18,0,0,2.408359337016009,0.0003234982522515674,,,,,,,,,,,,,,,,,,,,,,,,,,,,,,,,,,,,,,,,,,,,
handwriting,1,pca_cov_state,success,,0.382737297846506,0.5107466165913952,0.1280093187448892,1200,10.0,10.0,covariance_state,hard,resnet1d,True,False,none,True,pca_top_z_direction,0.3426666666666667,19,0,0,2.4804932590341195,0.0003235855563832931,6.0,1.0,,,,,,,,,,,,,,,,,,,,,,,,,,,,,,,,,,,,,,,,,,
handwriting,1,csta_topk_uniform_top5,success,,0.382737297846506,0.4671965376926523,0.08445923984614628,1200,10.0,10.0,covariance_template,hard,resnet1d,True,False,none,True,uniform_top5_response,0.4133333333333333,15,0,0,6.677685744012706,0.0003234863471952,,,uniform_topk,single_anchor,5.0,,PIA,TELM2,local_margin_safe_step,whitening_coloring,0.0001566946268571,1.0702209474147395,0.1064788310177345,0.8382226641864537,0.2429830989517447,0.1,0.0851065280903928,0.0,0.0,0.0,1200.0,1200.0,10.0,10.0,0.4583333333333333,2.219098213268788,0.1583333333333333,zpia_top1_pool,core_concat,concat_all,10.0,1.0,anchor_top_abs_response,6.0,120.0,False,1.0,1.0,1.0,0.0,0.7453685192797045,0.7444455584581675,0.002264257482999,2.219098213268788
handwriting,2,no_aug,success,,0.4136709560472157,0.4136709560472157,0.0,0,0.0,0.0,none,hard,resnet1d,True,False,none,True,none,0.34027777777777773,30,0,0,0.0,,,,,,,,,,,,,,,,,,,,,,,,,,,,,,,,,,,,,,,,,,,,,
handwriting,2,random_cov_state,success,,0.4136709560472157,0.4569835573835273,0.043312601336311596,1200,10.0,10.0,covariance_state,hard,resnet1d,True,False,none,True,random_unit_z_direction,0.4847222222222222,22,0,0,2.7937845140113495,0.00031998749797953037,,,,,,,,,,,,,,,,,,,,,,,,,,,,,,,,,,,,,,,,,,,,
handwriting,2,pca_cov_state,success,,0.4136709560472157,0.43572233097758606,0.02205137493037035,1200,10.0,10.0,covariance_state,hard,resnet1d,True,False,none,True,pca_top_z_direction,0.4599206349206349,30,0,0,3.4354554720339365,0.00031978780700214965,6.0,0.9999999403953552,,,,,,,,,,,,,,,,,,,,,,,,,,,,,,,,,,,,,,,,,,
handwriting,2,csta_topk_uniform_top5,success,,0.4136709560472157,0.4673915753703092,0.053720619323093466,1200,10.0,10.0,covariance_template,hard,resnet1d,True,False,none,True,uniform_top5_response,0.4430555555555555,25,0,0,7.917903490015306,0.000319803457647,,,uniform_topk,single_anchor,5.0,,PIA,TELM2,local_margin_safe_step,whitening_coloring,0.0001568093777353,1.075329715086755,0.1136844875659865,0.8175676053652294,0.2591882417685238,0.1,0.0874859522656954,0.0,0.0,0.0,1200.0,1200.0,10.0,10.0,0.4083333333333333,2.1580509684502043,0.1666666666666666,zpia_top1_pool,core_concat,concat_all,10.0,1.0,anchor_top_abs_response,6.0,120.0,False,1.0,1.0,1.0,0.0,0.7552577188516096,0.7538034710311421,0.0025632709193199,2.1580509684502043
handwriting,3,no_aug,success,,0.4038917991696072,0.4038917991696072,0.0,0,0.0,0.0,none,hard,resnet1d,True,False,none,True,none,0.33055555555555555,30,0,0,0.0,,,,,,,,,,,,,,,,,,,,,,,,,,,,,,,,,,,,,,,,,,,,,
handwriting,3,random_cov_state,success,,0.4038917991696072,0.45387301816529885,0.049981218995691634,1200,10.0,10.0,covariance_state,hard,resnet1d,True,False,none,True,random_unit_z_direction,0.325,20,0,0,2.5841207089833915,0.0003246335819973823,,,,,,,,,,,,,,,,,,,,,,,,,,,,,,,,,,,,,,,,,,,,
handwriting,3,pca_cov_state,success,,0.4038917991696072,0.45585281918268705,0.05196102001307984,1200,10.0,10.0,covariance_state,hard,resnet1d,True,False,none,True,pca_top_z_direction,0.3902777777777778,20,0,0,2.5939479189692065,0.000324747311473929,6.0,0.9999999403953552,,,,,,,,,,,,,,,,,,,,,,,,,,,,,,,,,,,,,,,,,,
handwriting,3,csta_topk_uniform_top5,success,,0.4038917991696072,0.423099897434622,0.019208098265014795,1200,10.0,10.0,covariance_template,hard,resnet1d,True,False,none,True,uniform_top5_response,0.3499999999999999,16,0,0,7.747656969993841,0.0003247122581859,,,uniform_topk,single_anchor,5.0,,PIA,TELM2,local_margin_safe_step,whitening_coloring,0.0001567847810871,1.0743238612118602,0.1121061684744715,0.809973485949049,0.2621793509247431,0.1,0.0867617458720143,0.0,0.0,0.0,1200.0,1200.0,10.0,10.0,0.4166666666666667,2.1664664038326835,0.1666666666666666,zpia_top1_pool,core_concat,concat_all,10.0,1.0,anchor_top_abs_response,6.0,120.0,False,1.0,1.0000000000000002,1.0,0.0,0.7505251104427254,0.7490490656463976,0.0034144444333813,2.1664664038326835
ering,1,no_aug,success,,0.5424850558740912,0.5424850558740912,0.0,0,0.0,0.0,none,hard,resnet1d,True,False,none,True,none,0.7777777777777777,24,0,0,0.0,,,,,,,,,,,,,,,,,,,,,,,,,,,,,,,,,,,,,,,,,,,,,
ering,1,random_cov_state,success,,0.5424850558740912,0.807341689553242,0.2648566336791508,240,10.0,10.0,covariance_state,hard,resnet1d,True,False,none,True,random_unit_z_direction,0.7777777777777777,27,0,0,0.9142388590262271,0.001317261368891124,,,,,,,,,,,,,,,,,,,,,,,,,,,,,,,,,,,,,,,,,,,,
ering,1,pca_cov_state,success,,0.5424850558740912,0.8528930220106692,0.31040796613657795,240,10.0,10.0,covariance_state,hard,resnet1d,True,False,none,True,pca_top_z_direction,1.0,27,0,0,0.8771088820067234,0.0013174528043204024,10.0,0.9999999403953552,,,,,,,,,,,,,,,,,,,,,,,,,,,,,,,,,,,,,,,,,,
ering,1,csta_topk_uniform_top5,success,,0.5424850558740912,0.7580623914313596,0.21557733555726832,240,10.0,10.0,covariance_template,hard,resnet1d,True,False,none,True,uniform_top5_response,0.7777777777777778,30,0,0,5.798549377999734,0.0013170723671426,,,uniform_topk,single_anchor,5.0,,PIA,TELM2,local_margin_safe_step,whitening_coloring,0.0001813588700088,1.100166125799536,0.1495433511972191,0.2135878948785501,1.0850636769840405,0.1,0.1,0.0,0.0,0.0,240.0,240.0,10.0,10.0,0.0,2.0377128268608677,0.2083333333333333,zpia_top1_pool,core_concat,concat_all,10.0,1.0,anchor_top_abs_response,10.0,24.0,False,1.0,1.0,1.0,0.0,0.323908626804241,0.3384924606380963,0.0053674422524026,2.0377128268608677
ering,2,no_aug,success,,0.848105426301868,0.848105426301868,0.0,0,0.0,0.0,none,hard,resnet1d,True,False,none,True,none,0.7777777777777778,30,0,0,0.0,,,,,,,,,,,,,,,,,,,,,,,,,,,,,,,,,,,,,,,,,,,,,
ering,2,random_cov_state,success,,0.848105426301868,0.8771350496472868,0.02902962334541881,240,10.0,10.0,covariance_state,hard,resnet1d,True,False,none,True,random_unit_z_direction,1.0,20,0,0,0.6810869610053487,0.0013012439198476161,,,,,,,,,,,,,,,,,,,,,,,,,,,,,,,,,,,,,,,,,,,,
ering,2,pca_cov_state,success,,0.848105426301868,0.8701537940854668,0.022048367783598755,240,10.0,10.0,covariance_state,hard,resnet1d,True,False,none,True,pca_top_z_direction,1.0,21,0,0,0.7138838560204022,0.001301650145804759,10.0,0.9999999403953552,,,,,,,,,,,,,,,,,,,,,,,,,,,,,,,,,,,,,,,,,,
ering,2,csta_topk_uniform_top5,success,,0.848105426301868,0.8671337553903701,0.01902832908850205,240,10.0,10.0,covariance_template,hard,resnet1d,True,False,none,True,uniform_top5_response,1.0,30,0,0,5.72735785698751,0.0013015840543201,,,uniform_topk,single_anchor,5.0,,PIA,TELM2,local_margin_safe_step,whitening_coloring,0.0001812194388137,1.098069042572177,0.1429676655229652,0.2204065089772856,1.0484200830955133,0.1,0.1,0.0,0.0,0.0,240.0,240.0,10.0,10.0,0.0,2.003428294150429,0.2916666666666667,zpia_top1_pool,core_concat,concat_all,10.0,1.0,anchor_top_abs_response,10.0,24.0,False,1.0,1.0,1.0,0.0,0.3222339555125668,0.3261402467539024,0.0143436075719679,2.003428294150429
ering,3,no_aug,success,,0.8501737413578302,0.8501737413578302,0.0,0,0.0,0.0,none,hard,resnet1d,True,False,none,True,none,0.7777777777777778,30,0,0,0.0,,,,,,,,,,,,,,,,,,,,,,,,,,,,,,,,,,,,,,,,,,,,,
ering,3,random_cov_state,success,,0.8501737413578302,0.6789918313366403,-0.17118191002118988,240,10.0,10.0,covariance_state,hard,resnet1d,True,False,none,True,random_unit_z_direction,1.0,27,0,0,0.863025865983218,0.0013502155897947823,,,,,,,,,,,,,,,,,,,,,,,,,,,,,,,,,,,,,,,,,,,,
ering,3,pca_cov_state,success,,0.8501737413578302,0.827486048389814,-0.022687692968016204,240,10.0,10.0,covariance_state,hard,resnet1d,True,False,none,True,pca_top_z_direction,1.0,15,0,0,0.5388897050288506,0.0013507066638475873,10.0,0.9999998807907104,,,,,,,,,,,,,,,,,,,,,,,,,,,,,,,,,,,,,,,,,,
ering,3,csta_topk_uniform_top5,success,,0.8501737413578302,0.836349387192084,-0.013824354165746233,240,10.0,10.0,covariance_template,hard,resnet1d,True,False,none,True,uniform_top5_response,1.0,16,0,0,5.0617925460101105,0.0013504756179882,,,uniform_topk,single_anchor,5.0,,PIA,TELM2,local_margin_safe_step,whitening_coloring,0.0001812196855423,1.0937690424889808,0.1424737027425314,0.2147860128810734,1.0999095086492523,0.1,0.1,0.0,0.0,0.0,240.0,240.0,10.0,10.0,0.0,1.9097057700482944,0.2916666666666667,zpia_top1_pool,core_concat,concat_all,10.0,1.0,anchor_top_abs_response,10.0,24.0,False,1.0,1.0,1.0,0.0,0.286704659174984,0.2865740186565553,0.0164677153455645,1.9097057700482944
motorimagery,1,no_aug,success,,0.4025735294117647,0.4025735294117647,0.0,0,0.0,0.0,none,hard,resnet1d,True,False,none,True,none,0.5573122529644269,30,0,0,0.0,,,,,,,,,,,,,,,,,,,,,,,,,,,,,,,,,,,,,,,,,,,,,
motorimagery,1,random_cov_state,success,,0.4025735294117647,0.4109868974636375,0.00841336805187276,2220,10.0,10.0,covariance_state,hard,resnet1d,True,False,none,True,random_unit_z_direction,0.5164694595458906,17,0,0,49.692067462950945,0.000105728177971963,,,,,,,,,,,,,,,,,,,,,,,,,,,,,,,,,,,,,,,,,,,,
motorimagery,1,pca_cov_state,success,,0.4025735294117647,0.4498975299320462,0.04732400052028146,2220,10.0,10.0,covariance_state,hard,resnet1d,True,False,none,True,pca_top_z_direction,0.5351213282247764,12,0,0,38.763297287980095,0.0001057277964413097,10.0,0.5153107047080994,,,,,,,,,,,,,,,,,,,,,,,,,,,,,,,,,,,,,,,,,,
motorimagery,1,csta_topk_uniform_top5,success,,0.4025735294117647,0.3710691823899371,-0.03150434702182764,2220,10.0,10.0,covariance_template,hard,resnet1d,True,False,none,True,uniform_top5_response,0.5881036136872402,23,0,0,112.88490115205059,0.0001057293005477,,,uniform_topk,single_anchor,5.0,,PIA,TELM2,local_margin_safe_step,whitening_coloring,0.0007205366228242,1.0910116933025975,0.1857237416263039,0.0344649956924259,5.862721856485458,0.0999999999999999,0.0999999999999999,0.0,0.0,0.0,2220.0,2220.0,10.0,10.0,0.0,2.2633705888622044,0.1576576576576576,zpia_top1_pool,core_concat,concat_all,10.0,1.0,anchor_top_abs_response,2080.0,222.0,True,1.0,1.0,1.0,0.0,0.8356875008851016,0.8399157128239897,0.0107381054324327,2.2633705888622044
motorimagery,2,no_aug,success,,0.40910670837678137,0.40910670837678137,0.0,0,0.0,0.0,none,hard,resnet1d,True,False,none,True,none,0.5333333333333333,13,0,0,0.0,,,,,,,,,,,,,,,,,,,,,,,,,,,,,,,,,,,,,,,,,,,,,
motorimagery,2,random_cov_state,success,,0.40910670837678137,0.4542271650705386,0.04512045669375725,2220,10.0,10.0,covariance_state,hard,resnet1d,True,False,none,True,random_unit_z_direction,0.5333333333333333,14,0,0,43.71284136798931,0.00010536586861322497,,,,,,,,,,,,,,,,,,,,,,,,,,,,,,,,,,,,,,,,,,,,
motorimagery,2,pca_cov_state,success,,0.40910670837678137,0.40476190476190477,-0.004344803614876602,2220,10.0,10.0,covariance_state,hard,resnet1d,True,False,none,True,pca_top_z_direction,0.46135986733001655,14,0,0,43.532033125986345,0.00010536583945965682,10.0,0.5126819014549255,,,,,,,,,,,,,,,,,,,,,,,,,,,,,,,,,,,,,,,,,,
motorimagery,2,csta_topk_uniform_top5,success,,0.4091067083767813,0.4832575444398512,0.07415083606306988,2220,10.0,10.0,covariance_template,hard,resnet1d,True,False,none,True,uniform_top5_response,0.5190656131913431,14,0,0,80.86317774199415,0.0001053666213261,,,uniform_topk,single_anchor,5.0,,PIA,TELM2,local_margin_safe_step,whitening_coloring,0.0007205523622543,1.0918869299713323,0.1877047724575483,0.034616465547235,5.8308664150726335,0.0999999999999999,0.0999999999999999,0.0,0.0,0.0,2220.0,2220.0,10.0,10.0,0.0,2.263347133050209,0.1666666666666666,zpia_top1_pool,core_concat,concat_all,10.0,1.0,anchor_top_abs_response,2080.0,222.0,True,1.0,1.0,1.0,0.0,0.8376092659780109,0.8411751107247872,0.0093214330548028,2.263347133050209
motorimagery,3,no_aug,success,,0.4967793880837359,0.4967793880837359,0.0,0,0.0,0.0,none,hard,resnet1d,True,False,none,True,none,0.5522865366165655,15,0,0,0.0,,,,,,,,,,,,,,,,,,,,,,,,,,,,,,,,,,,,,,,,,,,,,
motorimagery,3,random_cov_state,success,,0.4967793880837359,0.5245969408846631,0.027817552800927237,2220,10.0,10.0,covariance_state,hard,resnet1d,True,False,none,True,random_unit_z_direction,0.5303225806451612,16,0,0,48.340953823993914,0.00010606017068008649,,,,,,,,,,,,,,,,,,,,,,,,,,,,,,,,,,,,,,,,,,,,
motorimagery,3,pca_cov_state,success,,0.4967793880837359,0.5985547972701726,0.10177540918643668,2220,10.0,10.0,covariance_state,hard,resnet1d,True,False,none,True,pca_top_z_direction,0.5351213282247764,15,0,0,45.18223920400487,0.00010606027174124462,10.0,0.5157267451286316,,,,,,,,,,,,,,,,,,,,,,,,,,,,,,,,,,,,,,,,,,
motorimagery,3,csta_topk_uniform_top5,success,,0.4967793880837359,0.4916485112563544,-0.005130876827381503,2220,10.0,10.0,covariance_template,hard,resnet1d,True,False,none,True,uniform_top5_response,0.5827664399092971,13,0,0,78.33708233904326,0.0001060608452852,,,uniform_topk,single_anchor,5.0,,PIA,TELM2,local_margin_safe_step,whitening_coloring,0.0007205766770111,1.0970694634919422,0.1900239037714576,0.0345695395382536,5.846786074317659,0.0999999999999999,0.0999999999999999,0.0,0.0,0.0,2220.0,2220.0,10.0,10.0,0.0,2.2874901790888384,0.1261261261261261,zpia_top1_pool,core_concat,concat_all,10.0,1.0,anchor_top_abs_response,2080.0,222.0,True,1.0,1.0,1.0,0.0,0.8369538576626759,0.8396683749786727,0.0097637567402523,2.2874901790888384
ethanolconcentration,1,no_aug,success,,0.25302243628668,0.25302243628668,0.0,0,0.0,0.0,none,hard,resnet1d,True,False,none,True,none,0.44665716592253324,30,0,0,0.0,,,,,,,,,,,,,,,,,,,,,,,,,,,,,,,,,,,,,,,,,,,,,
ethanolconcentration,1,random_cov_state,success,,0.25302243628668,0.2567404599879404,0.003718023701260398,2080,10.0,10.0,covariance_state,hard,resnet1d,True,False,none,True,random_unit_z_direction,0.48312425328554365,18,0,0,18.88189474795945,5.42706356611465e-09,,,,,,,,,,,,,,,,,,,,,,,,,,,,,,,,,,,,,,,,,,,,
ethanolconcentration,1,pca_cov_state,success,,0.25302243628668,0.23469962639373165,-0.018322809892948322,2080,10.0,10.0,covariance_state,hard,resnet1d,True,False,none,True,pca_top_z_direction,0.46904845388365723,12,0,0,12.923953536956105,5.4335578567076255e-09,6.0,0.9999999403953552,,,,,,,,,,,,,,,,,,,,,,,,,,,,,,,,,,,,,,,,,,
ethanolconcentration,1,csta_topk_uniform_top5,success,,0.25302243628668,0.2418378080544981,-0.011184628232181887,2080,10.0,10.0,covariance_template,hard,resnet1d,True,False,none,True,uniform_top5_response,0.4756294471811713,14,0,0,23.507923097989988,5.430153723548956e-09,,,uniform_topk,single_anchor,5.0,,PIA,TELM2,local_margin_safe_step,whitening_coloring,0.0001681002574129,1.2922032555303156,0.3673345575968721,0.1979454995915961,1.1657439665283205,0.1,0.1,0.0,0.0,0.0,2080.0,2080.0,10.0,10.0,0.0,2.2483013683736206,0.173076923076923,zpia_top1_pool,core_concat,concat_all,10.0,1.0,anchor_top_abs_response,6.0,208.0,False,1.0,1.0,1.0,0.0,0.5357072847259075,0.5215357822534553,0.0263817718848728,2.2483013683736206
ethanolconcentration,2,no_aug,success,,0.2957462456440558,0.2957462456440558,0.0,0,0.0,0.0,none,hard,resnet1d,True,False,none,True,none,0.4127272727272727,25,0,0,0.0,,,,,,,,,,,,,,,,,,,,,,,,,,,,,,,,,,,,,,,,,,,,,
ethanolconcentration,2,random_cov_state,success,,0.2957462456440558,0.2846469652268225,-0.011099280417233348,2080,10.0,10.0,covariance_state,hard,resnet1d,True,False,none,True,random_unit_z_direction,0.3860930735930736,14,0,0,14.903051750035957,5.5978134165859755e-09,,,,,,,,,,,,,,,,,,,,,,,,,,,,,,,,,,,,,,,,,,,,
ethanolconcentration,2,pca_cov_state,success,,0.2957462456440558,0.2742797918527923,-0.02146645379126355,2080,10.0,10.0,covariance_state,hard,resnet1d,True,False,none,True,pca_top_z_direction,0.4239189928845101,14,0,0,14.90051793801831,5.5954747527263614e-09,6.0,1.0,,,,,,,,,,,,,,,,,,,,,,,,,,,,,,,,,,,,,,,,,,
ethanolconcentration,2,csta_topk_uniform_top5,success,,0.2957462456440558,0.2992286845945383,0.003482438950482447,2080,10.0,10.0,covariance_template,hard,resnet1d,True,False,none,True,uniform_top5_response,0.3787179487179487,20,0,0,28.70239717903314,5.5963055145115495e-09,,,uniform_topk,single_anchor,5.0,,PIA,TELM2,local_margin_safe_step,whitening_coloring,0.0001643009125875,1.2362881804513302,0.3057605700477056,0.1864624751674921,1.201093150184524,0.1,0.1,0.0,0.0,0.0,2080.0,2080.0,10.0,10.0,0.0,2.2502456092531307,0.1538461538461538,zpia_top1_pool,core_concat,concat_all,10.0,1.0,anchor_top_abs_response,6.0,208.0,False,1.0,1.0,1.0,0.0,0.5135199340873575,0.5488869480292387,0.0254997075520704,2.2502456092531307
ethanolconcentration,3,no_aug,success,,0.28869240338554825,0.28869240338554825,0.0,0,0.0,0.0,none,hard,resnet1d,True,False,none,True,none,0.3747412008281573,28,0,0,0.0,,,,,,,,,,,,,,,,,,,,,,,,,,,,,,,,,,,,,,,,,,,,,
ethanolconcentration,3,random_cov_state,success,,0.28869240338554825,0.2706071338113489,-0.01808526957419937,2080,10.0,10.0,covariance_state,hard,resnet1d,True,False,none,True,random_unit_z_direction,0.42484167580075505,27,0,0,27.79187879798701,5.7918120863226235e-09,,,,,,,,,,,,,,,,,,,,,,,,,,,,,,,,,,,,,,,,,,,,
ethanolconcentration,3,pca_cov_state,success,,0.28869240338554825,0.2280374887082204,-0.06065491467732784,2080,10.0,10.0,covariance_state,hard,resnet1d,True,False,none,True,pca_top_z_direction,0.2707786836819095,12,0,0,12.91979730402818,5.7914492689241815e-09,6.0,0.9999999403953552,,,,,,,,,,,,,,,,,,,,,,,,,,,,,,,,,,,,,,,,,,
ethanolconcentration,3,csta_topk_uniform_top5,success,,0.2886924033855482,0.2815724764524464,-0.007119926933101817,2080,10.0,10.0,covariance_template,hard,resnet1d,True,False,none,True,uniform_top5_response,0.3677220480668756,18,0,0,27.075091924052685,5.791663300165952e-09,,,uniform_topk,single_anchor,5.0,,PIA,TELM2,local_margin_safe_step,whitening_coloring,0.0001659650463797,1.2671533511315691,0.3389871341358345,0.1899093979303089,1.1897868017586049,0.1,0.1,0.0,0.0,0.0,2080.0,2080.0,10.0,10.0,0.0,2.2632304904171736,0.1442307692307692,zpia_top1_pool,core_concat,concat_all,10.0,1.0,anchor_top_abs_response,6.0,208.0,False,1.0,1.0,1.0,0.0,0.5717223370571013,0.5698760791894338,0.0321924542023286,2.2632304904171736
